<?xml version="1.0" encoding="UTF-8"?>

<Bundle xmlns="http://hl7.org/fhir">
  <id value="3f327a34-bf94-4412-a89d-bffe7bbe71c0"/>
  <meta>
    <lastUpdated value="2021-10-01T03:36:07.176+00:00"/>
  </meta>
  <type value="collection"/>
  <entry>
    <fullUrl value="http://purl.org/ga4gh/pedigree-fhir-ig/ValueSet/PedigreeRelationshipTypes"/>
    <resource>
      <ValueSet>
        <id value="PedigreeRelationshipTypes"/>
        <text>
          <status value="generated"/>
          <div xmlns="http://www.w3.org/1999/xhtml">
            <p>This value set contains 55 concepts</p>
            <p style="border: black 1px dotted; background-color: #EEEEEE; padding: 8px; margin-bottom: 8px">Expansion based on http://purl.org/ga4gh/kin.fhir version 20210805</p>
            <p>All codes in this table are from the system 
              <code>http://purl.org/ga4gh/kin.fhir</code>
            </p>
            <table class="codes">
              <tr>
                <td style="white-space:nowrap">
                  <b>Code</b>
                </td>
                <td>
                  <b>Display</b>
                </td>
              </tr>
              <tr>
                <td style="white-space:nowrap">
                  <a name="http---purl.org-ga4gh-kin.fhir-KIN-999"> </a>KIN:999
                </td>
                <td>Domain Entity</td>
              </tr>
              <tr>
                <td style="white-space:nowrap">
                  <a name="http---purl.org-ga4gh-kin.fhir-KIN-995"> </a>KIN:995
                </td>
                <td>Female</td>
              </tr>
              <tr>
                <td style="white-space:nowrap">
                  <a name="http---purl.org-ga4gh-kin.fhir-KIN-033"> </a>KIN:033
                </td>
                <td>hasBiologicalChild</td>
              </tr>
              <tr>
                <td style="white-space:nowrap">
                  <a name="http---purl.org-ga4gh-kin.fhir-KIN-040"> </a>KIN:040
                </td>
                <td>hasBiologicalFather</td>
              </tr>
              <tr>
                <td style="white-space:nowrap">
                  <a name="http---purl.org-ga4gh-kin.fhir-KIN-041"> </a>KIN:041
                </td>
                <td>hasBiologicalMother</td>
              </tr>
              <tr>
                <td style="white-space:nowrap">
                  <a name="http---purl.org-ga4gh-kin.fhir-KIN-034"> </a>KIN:034
                </td>
                <td>hasBiologicalParent</td>
              </tr>
              <tr>
                <td style="white-space:nowrap">
                  <a name="http---purl.org-ga4gh-kin.fhir-KIN-039"> </a>KIN:039
                </td>
                <td>hasGestationalCarrier</td>
              </tr>
              <tr>
                <td style="white-space:nowrap">
                  <a name="http---purl.org-ga4gh-kin.fhir-KIN-037"> </a>KIN:037
                </td>
                <td>hasGrandchild</td>
              </tr>
              <tr>
                <td style="white-space:nowrap">
                  <a name="http---purl.org-ga4gh-kin.fhir-KIN-035"> </a>KIN:035
                </td>
                <td>hasGrandparent</td>
              </tr>
              <tr>
                <td style="white-space:nowrap">
                  <a name="http---purl.org-ga4gh-kin.fhir-KIN-045"> </a>KIN:045
                </td>
                <td>hasGreatGrandParent</td>
              </tr>
              <tr>
                <td style="white-space:nowrap">
                  <a name="http---purl.org-ga4gh-kin.fhir-KIN-042"> </a>KIN:042
                </td>
                <td>hasOvumDonor</td>
              </tr>
              <tr>
                <td style="white-space:nowrap">
                  <a name="http---purl.org-ga4gh-kin.fhir-KIN-046"> </a>KIN:046
                </td>
                <td>hasParentalSibling</td>
              </tr>
              <tr>
                <td style="white-space:nowrap">
                  <a name="http---purl.org-ga4gh-kin.fhir-KIN-031"> </a>KIN:031
                </td>
                <td>hasSex</td>
              </tr>
              <tr>
                <td style="white-space:nowrap">
                  <a name="http---purl.org-ga4gh-kin.fhir-KIN-044"> </a>KIN:044
                </td>
                <td>hasSpermDonor</td>
              </tr>
              <tr>
                <td style="white-space:nowrap">
                  <a name="http---purl.org-ga4gh-kin.fhir-KIN-043"> </a>KIN:043
                </td>
                <td>hasSurrogateOvumDonor</td>
              </tr>
              <tr>
                <td style="white-space:nowrap">
                  <a name="http---purl.org-ga4gh-kin.fhir-KIN-022"> </a>KIN:022
                </td>
                <td>isAdoptiveParent</td>
              </tr>
              <tr>
                <td style="white-space:nowrap">
                  <a name="http---purl.org-ga4gh-kin.fhir-KIN-032"> </a>KIN:032
                </td>
                <td>isBiologicalChild</td>
              </tr>
              <tr>
                <td style="white-space:nowrap">
                  <a name="http---purl.org-ga4gh-kin.fhir-KIN-028"> </a>KIN:028
                </td>
                <td>isBiologicalFather</td>
              </tr>
              <tr>
                <td style="white-space:nowrap">
                  <a name="http---purl.org-ga4gh-kin.fhir-KIN-027"> </a>KIN:027
                </td>
                <td>isBiologicalMother</td>
              </tr>
              <tr>
                <td style="white-space:nowrap">
                  <a name="http---purl.org-ga4gh-kin.fhir-KIN-003"> </a>KIN:003
                </td>
                <td>isBiologicalParent</td>
              </tr>
              <tr>
                <td style="white-space:nowrap">
                  <a name="http---purl.org-ga4gh-kin.fhir-KIN-002"> </a>KIN:002
                </td>
                <td>isBiologicalRelative</td>
              </tr>
              <tr>
                <td style="white-space:nowrap">
                  <a name="http---purl.org-ga4gh-kin.fhir-KIN-007"> </a>KIN:007
                </td>
                <td>isBiologicalSibling</td>
              </tr>
              <tr>
                <td style="white-space:nowrap">
                  <a name="http---purl.org-ga4gh-kin.fhir-KIN-030"> </a>KIN:030
                </td>
                <td>isConsanguineousPartner</td>
              </tr>
              <tr>
                <td style="white-space:nowrap">
                  <a name="http---purl.org-ga4gh-kin.fhir-KIN-014"> </a>KIN:014
                </td>
                <td>isCousin</td>
              </tr>
              <tr>
                <td style="white-space:nowrap">
                  <a name="http---purl.org-ga4gh-kin.fhir-KIN-021"> </a>KIN:021
                </td>
                <td>isFosterParent</td>
              </tr>
              <tr>
                <td style="white-space:nowrap">
                  <a name="http---purl.org-ga4gh-kin.fhir-KIN-008"> </a>KIN:008
                </td>
                <td>isFullsibling</td>
              </tr>
              <tr>
                <td style="white-space:nowrap">
                  <a name="http---purl.org-ga4gh-kin.fhir-KIN-005"> </a>KIN:005
                </td>
                <td>isGestationalCarrier</td>
              </tr>
              <tr>
                <td style="white-space:nowrap">
                  <a name="http---purl.org-ga4gh-kin.fhir-KIN-036"> </a>KIN:036
                </td>
                <td>isGrandchild</td>
              </tr>
              <tr>
                <td style="white-space:nowrap">
                  <a name="http---purl.org-ga4gh-kin.fhir-KIN-017"> </a>KIN:017
                </td>
                <td>isGrandparent</td>
              </tr>
              <tr>
                <td style="white-space:nowrap">
                  <a name="http---purl.org-ga4gh-kin.fhir-KIN-018"> </a>KIN:018
                </td>
                <td>isGreatGrandparent</td>
              </tr>
              <tr>
                <td style="white-space:nowrap">
                  <a name="http---purl.org-ga4gh-kin.fhir-KIN-012"> </a>KIN:012
                </td>
                <td>isHalfSibling</td>
              </tr>
              <tr>
                <td style="white-space:nowrap">
                  <a name="http---purl.org-ga4gh-kin.fhir-KIN-015"> </a>KIN:015
                </td>
                <td>isMaternalCousin</td>
              </tr>
              <tr>
                <td style="white-space:nowrap">
                  <a name="http---purl.org-ga4gh-kin.fhir-KIN-029"> </a>KIN:029
                </td>
                <td>isMitochondrialDonor</td>
              </tr>
              <tr>
                <td style="white-space:nowrap">
                  <a name="http---purl.org-ga4gh-kin.fhir-KIN-010"> </a>KIN:010
                </td>
                <td>isMonozygoticTwin</td>
              </tr>
              <tr>
                <td style="white-space:nowrap">
                  <a name="http---purl.org-ga4gh-kin.fhir-KIN-038"> </a>KIN:038
                </td>
                <td>isOvumDonor</td>
              </tr>
              <tr>
                <td style="white-space:nowrap">
                  <a name="http---purl.org-ga4gh-kin.fhir-KIN-013"> </a>KIN:013
                </td>
                <td>isParentalSibling</td>
              </tr>
              <tr>
                <td style="white-space:nowrap">
                  <a name="http---purl.org-ga4gh-kin.fhir-KIN-020"> </a>KIN:020
                </td>
                <td>isParentFigure</td>
              </tr>
              <tr>
                <td style="white-space:nowrap">
                  <a name="http---purl.org-ga4gh-kin.fhir-KIN-026"> </a>KIN:026
                </td>
                <td>isPartner</td>
              </tr>
              <tr>
                <td style="white-space:nowrap">
                  <a name="http---purl.org-ga4gh-kin.fhir-KIN-016"> </a>KIN:016
                </td>
                <td>isPaternalCousin</td>
              </tr>
              <tr>
                <td style="white-space:nowrap">
                  <a name="http---purl.org-ga4gh-kin.fhir-KIN-011"> </a>KIN:011
                </td>
                <td>isPolyzygoticTwin</td>
              </tr>
              <tr>
                <td style="white-space:nowrap">
                  <a name="http---purl.org-ga4gh-kin.fhir-KIN-001"> </a>KIN:001
                </td>
                <td>isRelative</td>
              </tr>
              <tr>
                <td style="white-space:nowrap">
                  <a name="http---purl.org-ga4gh-kin.fhir-KIN-024"> </a>KIN:024
                </td>
                <td>isSiblingFigure</td>
              </tr>
              <tr>
                <td style="white-space:nowrap">
                  <a name="http---purl.org-ga4gh-kin.fhir-KIN-019"> </a>KIN:019
                </td>
                <td>isSocialLegalRelative</td>
              </tr>
              <tr>
                <td style="white-space:nowrap">
                  <a name="http---purl.org-ga4gh-kin.fhir-KIN-004"> </a>KIN:004
                </td>
                <td>isSpermDonor</td>
              </tr>
              <tr>
                <td style="white-space:nowrap">
                  <a name="http---purl.org-ga4gh-kin.fhir-KIN-023"> </a>KIN:023
                </td>
                <td>isStepParent</td>
              </tr>
              <tr>
                <td style="white-space:nowrap">
                  <a name="http---purl.org-ga4gh-kin.fhir-KIN-025"> </a>KIN:025
                </td>
                <td>isStepSibling</td>
              </tr>
              <tr>
                <td style="white-space:nowrap">
                  <a name="http---purl.org-ga4gh-kin.fhir-KIN-006"> </a>KIN:006
                </td>
                <td>isSurrogateOvumDonor</td>
              </tr>
              <tr>
                <td style="white-space:nowrap">
                  <a name="http---purl.org-ga4gh-kin.fhir-KIN-009"> </a>KIN:009
                </td>
                <td>isTwin</td>
              </tr>
              <tr>
                <td style="white-space:nowrap">
                  <a name="http---purl.org-ga4gh-kin.fhir-KIN-996"> </a>KIN:996
                </td>
                <td>Male</td>
              </tr>
              <tr>
                <td style="white-space:nowrap">
                  <a name="http---purl.org-ga4gh-kin.fhir-KIN-994"> </a>KIN:994
                </td>
                <td>Man</td>
              </tr>
              <tr>
                <td style="white-space:nowrap">
                  <a name="http---purl.org-ga4gh-kin.fhir-KIN-998"> </a>KIN:998
                </td>
                <td>Person</td>
              </tr>
              <tr>
                <td style="white-space:nowrap">
                  <a name="http---purl.org-ga4gh-kin.fhir-KIN-997"> </a>KIN:997
                </td>
                <td>Sex</td>
              </tr>
              <tr>
                <td style="white-space:nowrap">
                  <a name="http---purl.org-ga4gh-kin.fhir-Thing"> </a>Thing
                </td>
                <td>Thing</td>
              </tr>
              <tr>
                <td style="white-space:nowrap">
                  <a name="http---purl.org-ga4gh-kin.fhir-topObjectProperty"> </a>topObjectProperty
                </td>
                <td>topObjectProperty</td>
              </tr>
              <tr>
                <td style="white-space:nowrap">
                  <a name="http---purl.org-ga4gh-kin.fhir-KIN-993"> </a>KIN:993
                </td>
                <td>Woman</td>
              </tr>
            </table>
          </div>
        </text>
        <url value="http://purl.org/ga4gh/pedigree-fhir-ig/ValueSet/PedigreeRelationshipTypes"/>
        <version value="0.1.0"/>
        <name value="PedigreeRelationshipTypes"/>
        <title value="Pedigree Relationship Types"/>
        <status value="active"/>
        <date value="2021-10-01T03:36:07+00:00"/>
        <publisher value="Global Alliance for Genomics and Health - Clinical and Phenotypic Data Capture Work Stream"/>
        <contact>
          <name value="Global Alliance for Genomics and Health - Clinical and Phenotypic Data Capture Work Stream"/>
          <telecom>
            <system value="url"/>
            <value value="https://www.ga4gh.org/work_stream/clinical-phenotypic-data-capture-2/"/>
          </telecom>
        </contact>
        <description value="The types of relationships between individuals in a pedigree."/>
        <copyright value="[Global Alliance for Genomics and Health](https://www.ga4gh.org)"/>
        <expansion>
          <identifier value="urn:uuid:1cc2aa4f-7c34-4e17-856a-97de975b38c9"/>
          <timestamp value="2021-10-01T03:36:24+00:00"/>
          <total value="55"/>
          <parameter>
            <name value="excludeNested"/>
            <valueBoolean value="false"/>
          </parameter>
          <parameter>
            <name value="version"/>
            <valueUri value="http://purl.org/ga4gh/kin.fhir|20210805"/>
          </parameter>
          <parameter>
            <name value="count"/>
            <valueInteger value="2147483647"/>
          </parameter>
          <parameter>
            <name value="offset"/>
            <valueInteger value="0"/>
          </parameter>
          <contains>
            <system value="http://purl.org/ga4gh/kin.fhir"/>
            <code value="KIN:999"/>
            <display value="Domain Entity"/>
          </contains>
          <contains>
            <system value="http://purl.org/ga4gh/kin.fhir"/>
            <code value="KIN:995"/>
            <display value="Female"/>
          </contains>
          <contains>
            <system value="http://purl.org/ga4gh/kin.fhir"/>
            <code value="KIN:033"/>
            <display value="hasBiologicalChild"/>
          </contains>
          <contains>
            <system value="http://purl.org/ga4gh/kin.fhir"/>
            <code value="KIN:040"/>
            <display value="hasBiologicalFather"/>
          </contains>
          <contains>
            <system value="http://purl.org/ga4gh/kin.fhir"/>
            <code value="KIN:041"/>
            <display value="hasBiologicalMother"/>
          </contains>
          <contains>
            <system value="http://purl.org/ga4gh/kin.fhir"/>
            <code value="KIN:034"/>
            <display value="hasBiologicalParent"/>
          </contains>
          <contains>
            <system value="http://purl.org/ga4gh/kin.fhir"/>
            <code value="KIN:039"/>
            <display value="hasGestationalCarrier"/>
          </contains>
          <contains>
            <system value="http://purl.org/ga4gh/kin.fhir"/>
            <code value="KIN:037"/>
            <display value="hasGrandchild"/>
          </contains>
          <contains>
            <system value="http://purl.org/ga4gh/kin.fhir"/>
            <code value="KIN:035"/>
            <display value="hasGrandparent"/>
          </contains>
          <contains>
            <system value="http://purl.org/ga4gh/kin.fhir"/>
            <code value="KIN:045"/>
            <display value="hasGreatGrandParent"/>
          </contains>
          <contains>
            <system value="http://purl.org/ga4gh/kin.fhir"/>
            <code value="KIN:042"/>
            <display value="hasOvumDonor"/>
          </contains>
          <contains>
            <system value="http://purl.org/ga4gh/kin.fhir"/>
            <code value="KIN:046"/>
            <display value="hasParentalSibling"/>
          </contains>
          <contains>
            <system value="http://purl.org/ga4gh/kin.fhir"/>
            <code value="KIN:031"/>
            <display value="hasSex"/>
          </contains>
          <contains>
            <system value="http://purl.org/ga4gh/kin.fhir"/>
            <code value="KIN:044"/>
            <display value="hasSpermDonor"/>
          </contains>
          <contains>
            <system value="http://purl.org/ga4gh/kin.fhir"/>
            <code value="KIN:043"/>
            <display value="hasSurrogateOvumDonor"/>
          </contains>
          <contains>
            <system value="http://purl.org/ga4gh/kin.fhir"/>
            <code value="KIN:022"/>
            <display value="isAdoptiveParent"/>
          </contains>
          <contains>
            <system value="http://purl.org/ga4gh/kin.fhir"/>
            <code value="KIN:032"/>
            <display value="isBiologicalChild"/>
          </contains>
          <contains>
            <system value="http://purl.org/ga4gh/kin.fhir"/>
            <code value="KIN:028"/>
            <display value="isBiologicalFather"/>
          </contains>
          <contains>
            <system value="http://purl.org/ga4gh/kin.fhir"/>
            <code value="KIN:027"/>
            <display value="isBiologicalMother"/>
          </contains>
          <contains>
            <system value="http://purl.org/ga4gh/kin.fhir"/>
            <code value="KIN:003"/>
            <display value="isBiologicalParent"/>
          </contains>
          <contains>
            <system value="http://purl.org/ga4gh/kin.fhir"/>
            <code value="KIN:002"/>
            <display value="isBiologicalRelative"/>
          </contains>
          <contains>
            <system value="http://purl.org/ga4gh/kin.fhir"/>
            <code value="KIN:007"/>
            <display value="isBiologicalSibling"/>
          </contains>
          <contains>
            <system value="http://purl.org/ga4gh/kin.fhir"/>
            <code value="KIN:030"/>
            <display value="isConsanguineousPartner"/>
          </contains>
          <contains>
            <system value="http://purl.org/ga4gh/kin.fhir"/>
            <code value="KIN:014"/>
            <display value="isCousin"/>
          </contains>
          <contains>
            <system value="http://purl.org/ga4gh/kin.fhir"/>
            <code value="KIN:021"/>
            <display value="isFosterParent"/>
          </contains>
          <contains>
            <system value="http://purl.org/ga4gh/kin.fhir"/>
            <code value="KIN:008"/>
            <display value="isFullsibling"/>
          </contains>
          <contains>
            <system value="http://purl.org/ga4gh/kin.fhir"/>
            <code value="KIN:005"/>
            <display value="isGestationalCarrier"/>
          </contains>
          <contains>
            <system value="http://purl.org/ga4gh/kin.fhir"/>
            <code value="KIN:036"/>
            <display value="isGrandchild"/>
          </contains>
          <contains>
            <system value="http://purl.org/ga4gh/kin.fhir"/>
            <code value="KIN:017"/>
            <display value="isGrandparent"/>
          </contains>
          <contains>
            <system value="http://purl.org/ga4gh/kin.fhir"/>
            <code value="KIN:018"/>
            <display value="isGreatGrandparent"/>
          </contains>
          <contains>
            <system value="http://purl.org/ga4gh/kin.fhir"/>
            <code value="KIN:012"/>
            <display value="isHalfSibling"/>
          </contains>
          <contains>
            <system value="http://purl.org/ga4gh/kin.fhir"/>
            <code value="KIN:015"/>
            <display value="isMaternalCousin"/>
          </contains>
          <contains>
            <system value="http://purl.org/ga4gh/kin.fhir"/>
            <code value="KIN:029"/>
            <display value="isMitochondrialDonor"/>
          </contains>
          <contains>
            <system value="http://purl.org/ga4gh/kin.fhir"/>
            <code value="KIN:010"/>
            <display value="isMonozygoticTwin"/>
          </contains>
          <contains>
            <system value="http://purl.org/ga4gh/kin.fhir"/>
            <code value="KIN:038"/>
            <display value="isOvumDonor"/>
          </contains>
          <contains>
            <system value="http://purl.org/ga4gh/kin.fhir"/>
            <code value="KIN:013"/>
            <display value="isParentalSibling"/>
          </contains>
          <contains>
            <system value="http://purl.org/ga4gh/kin.fhir"/>
            <code value="KIN:020"/>
            <display value="isParentFigure"/>
          </contains>
          <contains>
            <system value="http://purl.org/ga4gh/kin.fhir"/>
            <code value="KIN:026"/>
            <display value="isPartner"/>
          </contains>
          <contains>
            <system value="http://purl.org/ga4gh/kin.fhir"/>
            <code value="KIN:016"/>
            <display value="isPaternalCousin"/>
          </contains>
          <contains>
            <system value="http://purl.org/ga4gh/kin.fhir"/>
            <code value="KIN:011"/>
            <display value="isPolyzygoticTwin"/>
          </contains>
          <contains>
            <system value="http://purl.org/ga4gh/kin.fhir"/>
            <code value="KIN:001"/>
            <display value="isRelative"/>
          </contains>
          <contains>
            <system value="http://purl.org/ga4gh/kin.fhir"/>
            <code value="KIN:024"/>
            <display value="isSiblingFigure"/>
          </contains>
          <contains>
            <system value="http://purl.org/ga4gh/kin.fhir"/>
            <code value="KIN:019"/>
            <display value="isSocialLegalRelative"/>
          </contains>
          <contains>
            <system value="http://purl.org/ga4gh/kin.fhir"/>
            <code value="KIN:004"/>
            <display value="isSpermDonor"/>
          </contains>
          <contains>
            <system value="http://purl.org/ga4gh/kin.fhir"/>
            <code value="KIN:023"/>
            <display value="isStepParent"/>
          </contains>
          <contains>
            <system value="http://purl.org/ga4gh/kin.fhir"/>
            <code value="KIN:025"/>
            <display value="isStepSibling"/>
          </contains>
          <contains>
            <system value="http://purl.org/ga4gh/kin.fhir"/>
            <code value="KIN:006"/>
            <display value="isSurrogateOvumDonor"/>
          </contains>
          <contains>
            <system value="http://purl.org/ga4gh/kin.fhir"/>
            <code value="KIN:009"/>
            <display value="isTwin"/>
          </contains>
          <contains>
            <system value="http://purl.org/ga4gh/kin.fhir"/>
            <code value="KIN:996"/>
            <display value="Male"/>
          </contains>
          <contains>
            <system value="http://purl.org/ga4gh/kin.fhir"/>
            <code value="KIN:994"/>
            <display value="Man"/>
          </contains>
          <contains>
            <system value="http://purl.org/ga4gh/kin.fhir"/>
            <code value="KIN:998"/>
            <display value="Person"/>
          </contains>
          <contains>
            <system value="http://purl.org/ga4gh/kin.fhir"/>
            <code value="KIN:997"/>
            <display value="Sex"/>
          </contains>
          <contains>
            <system value="http://purl.org/ga4gh/kin.fhir"/>
            <code value="Thing"/>
            <display value="Thing"/>
          </contains>
          <contains>
            <system value="http://purl.org/ga4gh/kin.fhir"/>
            <code value="topObjectProperty"/>
            <display value="topObjectProperty"/>
          </contains>
          <contains>
            <system value="http://purl.org/ga4gh/kin.fhir"/>
            <code value="KIN:993"/>
            <display value="Woman"/>
          </contains>
        </expansion>
      </ValueSet>
    </resource>
  </entry>
</Bundle>