<?xml version="1.0" encoding="UTF-8"?>

<FamilyMemberHistory xmlns="http://hl7.org/fhir">
  <id value="pedigree-1-relationship-example-8"/>
  <meta>
    <profile value="http://purl.org/ga4gh/pedigree-fhir-ig/StructureDefinition/PedigreeRelationship"/>
  </meta>
  <text>
    <status value="extensions"/><div xmlns="http://www.w3.org/1999/xhtml"><p><b>Generated Narrative</b></p><div style="display: inline-block; background-color: #d9e0e7; padding: 6px; margin: 4px; border: 1px solid #8da1b4; border-radius: 5px; line-height: 60%"><p style="margin-bottom: 0px">Resource "pedigree-1-relationship-example-8" </p><p style="margin-bottom: 0px">Profile: <a href="StructureDefinition-PedigreeRelationship.html">Pedigree Relationship</a></p></div><p><b>Patient Record</b>: <a href="Patient-pedigree-1-individual-example-8.html">Patient/pedigree-1-individual-example-8</a></p><p><b>identifier</b>: id: pedigree-1-8</p><p><b>status</b>: completed</p><p><b>patient</b>: <a href="Patient-pedigree-1-individual-example-5.html">Patient/pedigree-1-individual-example-5</a></p><p><b>relationship</b>: isBiologicalParent <span style="background: LightGoldenRodYellow; margin: 4px; border: 1px solid khaki"> (<a href="CodeSystem-kin.html">Family History Relations Ontology</a>#KIN:003)</span></p></div>
  </text>
  <extension url="http://hl7.org/fhir/StructureDefinition/familymemberhistory-patient-record">
    <valueReference>
      <reference value="Patient/pedigree-1-individual-example-8"/>
    </valueReference>
  </extension>
  <identifier>
    <system value="urn:pedigree-fhir-ig:unique-string/relationship"/>
    <value value="pedigree-1-8"/>
  </identifier>
  <status value="completed"/>
  <patient>
    <reference value="Patient/pedigree-1-individual-example-5"/>
  </patient>
  <relationship>
    <coding>
      <system value="http://purl.org/ga4gh/kin.fhir"/>
      <code value="KIN:003"/>
      <display value="isBiologicalParent"/>
    </coding>
  </relationship>
</FamilyMemberHistory>