<?xml version="1.0" encoding="UTF-8"?>

<FamilyMemberHistory xmlns="http://hl7.org/fhir">
  <id value="pedigree-1-relationship-example-5"/>
  <meta>
    <profile value="http://purl.org/ga4gh/pedigree-fhir-ig/StructureDefinition/PedigreeRelationship"/>
  </meta>
  <text>
    <status value="extensions"/><div xmlns="http://www.w3.org/1999/xhtml"><p><b>Generated Narrative</b></p><p><b>Patient Record</b>: <a href="Patient-pedigree-1-individual-example-11.html">Generated Summary: id: pedigree-1-11; gender: female</a></p><p><b>identifier</b>: id: pedigree-1-5</p><p><b>status</b>: completed</p><p><b>patient</b>: <a href="Patient-pedigree-1-individual-example-6.html">Generated Summary: id: pedigree-1-6; gender: male</a></p><p><b>relationship</b>: <span title="Codes: {http://purl.org/ga4gh/kin.fhir REL:003}">Biological parent</span></p></div>
  </text>
  <extension url="http://hl7.org/fhir/StructureDefinition/familymemberhistory-patient-record">
    <valueReference>
      <reference value="Patient/pedigree-1-individual-example-11"/>
    </valueReference>
  </extension>
  <identifier>
    <system value="urn:pedigree-fhir-ig:unique-string/relationship"/>
    <value value="pedigree-1-5"/>
  </identifier>
  <status value="completed"/>
  <patient>
    <reference value="Patient/pedigree-1-individual-example-6"/>
  </patient>
  <relationship>
    <coding>
      <system value="http://purl.org/ga4gh/kin.fhir"/>
      <code value="REL:003"/>
      <display value="Biological parent"/>
    </coding>
  </relationship>
</FamilyMemberHistory>