<?xml version="1.0" encoding="UTF-8"?>

<ImplementationGuide xmlns="http://hl7.org/fhir">
  <id value="ga4gh.fhir.pedigree"/>
  <text>
    <status value="extensions"/><div xmlns="http://www.w3.org/1999/xhtml"><h2>GA4GHPedigreeIG</h2><p>The official URL for this implementation guide is: </p><pre>http://purl.org/ga4gh/pedigree-fhir-ig/ImplementationGuide/ga4gh.fhir.pedigree</pre><div><p>FHIR implementation guide for the Global Alliance for Genomics and Health Pedigree standard.</p>
</div></div>
  </text>
  <url value="http://purl.org/ga4gh/pedigree-fhir-ig/ImplementationGuide/ga4gh.fhir.pedigree"/>
  <version value="0.1.0"/>
  <name value="GA4GHPedigreeIG"/>
  <title value="GA4GH Pedigree FHIR Implementation Guide"/>
  <status value="draft"/>
  <date value="2021-06-21T23:30:19+00:00"/>
  <publisher value="Global Alliance for Genomics and Health - Clinical and Phenotypic Data Capture Work Stream"/>
  <contact>
    <name value="Global Alliance for Genomics and Health - Clinical and Phenotypic Data Capture Work Stream"/>
    <telecom>
      <system value="url"/>
      <value value="https://www.ga4gh.org/work_stream/clinical-phenotypic-data-capture-2/"/>
    </telecom>
  </contact>
  <description value="FHIR implementation guide for the Global Alliance for Genomics and Health Pedigree standard."/>
  <copyright value="[Global Alliance for Genomics and Health](https://www.ga4gh.org)"/>
  <packageId value="ga4gh.fhir.pedigree"/>
  <license value="CC0-1.0"/>
  <fhirVersion value="4.0.1"/>
  <definition>
    <extension url="http://hl7.org/fhir/tools/StructureDefinition/ig-parameter">
      <extension url="code">
        <valueString value="copyrightyear"/>
      </extension>
      <extension url="value">
        <valueString value="2021+"/>
      </extension>
    </extension>
    <extension url="http://hl7.org/fhir/tools/StructureDefinition/ig-parameter">
      <extension url="code">
        <valueString value="releaselabel"/>
      </extension>
      <extension url="value">
        <valueString value="ci-build"/>
      </extension>
    </extension>
    <extension url="http://hl7.org/fhir/tools/StructureDefinition/ig-parameter">
      <extension url="code">
        <valueString value="path-liquid"/>
      </extension>
      <extension url="value">
        <valueString value="template/liquid"/>
      </extension>
    </extension>
    <extension url="http://hl7.org/fhir/tools/StructureDefinition/ig-parameter">
      <extension url="code">
        <valueString value="path-liquid"/>
      </extension>
      <extension url="value">
        <valueString value="input/liquid"/>
      </extension>
    </extension>
    <extension url="http://hl7.org/fhir/tools/StructureDefinition/ig-parameter">
      <extension url="code">
        <valueString value="path-qa"/>
      </extension>
      <extension url="value">
        <valueString value="temp/qa"/>
      </extension>
    </extension>
    <extension url="http://hl7.org/fhir/tools/StructureDefinition/ig-parameter">
      <extension url="code">
        <valueString value="path-temp"/>
      </extension>
      <extension url="value">
        <valueString value="temp/pages"/>
      </extension>
    </extension>
    <extension url="http://hl7.org/fhir/tools/StructureDefinition/ig-parameter">
      <extension url="code">
        <valueString value="path-output"/>
      </extension>
      <extension url="value">
        <valueString value="output"/>
      </extension>
    </extension>
    <extension url="http://hl7.org/fhir/tools/StructureDefinition/ig-parameter">
      <extension url="code">
        <valueString value="path-suppressed-warnings"/>
      </extension>
      <extension url="value">
        <valueString value="input/ignoreWarnings.txt"/>
      </extension>
    </extension>
    <extension url="http://hl7.org/fhir/tools/StructureDefinition/ig-parameter">
      <extension url="code">
        <valueString value="path-history"/>
      </extension>
      <extension url="value">
        <valueString value="http://purl.org/ga4gh/pedigree-fhir-ig/history.html"/>
      </extension>
    </extension>
    <extension url="http://hl7.org/fhir/tools/StructureDefinition/ig-parameter">
      <extension url="code">
        <valueString value="template-html"/>
      </extension>
      <extension url="value">
        <valueString value="template-page.html"/>
      </extension>
    </extension>
    <extension url="http://hl7.org/fhir/tools/StructureDefinition/ig-parameter">
      <extension url="code">
        <valueString value="template-md"/>
      </extension>
      <extension url="value">
        <valueString value="template-page-md.html"/>
      </extension>
    </extension>
    <extension url="http://hl7.org/fhir/tools/StructureDefinition/ig-parameter">
      <extension url="code">
        <valueString value="apply-contact"/>
      </extension>
      <extension url="value">
        <valueString value="true"/>
      </extension>
    </extension>
    <extension url="http://hl7.org/fhir/tools/StructureDefinition/ig-parameter">
      <extension url="code">
        <valueString value="apply-context"/>
      </extension>
      <extension url="value">
        <valueString value="true"/>
      </extension>
    </extension>
    <extension url="http://hl7.org/fhir/tools/StructureDefinition/ig-parameter">
      <extension url="code">
        <valueString value="apply-copyright"/>
      </extension>
      <extension url="value">
        <valueString value="true"/>
      </extension>
    </extension>
    <extension url="http://hl7.org/fhir/tools/StructureDefinition/ig-parameter">
      <extension url="code">
        <valueString value="apply-jurisdiction"/>
      </extension>
      <extension url="value">
        <valueString value="true"/>
      </extension>
    </extension>
    <extension url="http://hl7.org/fhir/tools/StructureDefinition/ig-parameter">
      <extension url="code">
        <valueString value="apply-license"/>
      </extension>
      <extension url="value">
        <valueString value="true"/>
      </extension>
    </extension>
    <extension url="http://hl7.org/fhir/tools/StructureDefinition/ig-parameter">
      <extension url="code">
        <valueString value="apply-publisher"/>
      </extension>
      <extension url="value">
        <valueString value="true"/>
      </extension>
    </extension>
    <extension url="http://hl7.org/fhir/tools/StructureDefinition/ig-parameter">
      <extension url="code">
        <valueString value="apply-version"/>
      </extension>
      <extension url="value">
        <valueString value="true"/>
      </extension>
    </extension>
    <extension url="http://hl7.org/fhir/tools/StructureDefinition/ig-parameter">
      <extension url="code">
        <valueString value="active-tables"/>
      </extension>
      <extension url="value">
        <valueString value="true"/>
      </extension>
    </extension>
    <resource>
      <extension url="http://hl7.org/fhir/tools/StructureDefinition/resource-information">
        <valueString value="StructureDefinition:resource"/>
      </extension>
      <reference>
        <reference value="StructureDefinition/AffectedStatus"/>
      </reference>
      <name value="Affected Status"/>
      <description value="Whether or not the individual is affected by the condition being investigated in this pedigree; included for PED backwards compatibility."/>
      <exampleBoolean value="false"/>
    </resource>
    <resource>
      <extension url="http://hl7.org/fhir/tools/StructureDefinition/resource-information">
        <valueString value="StructureDefinition:resource"/>
      </extension>
      <reference>
        <reference value="StructureDefinition/Pedigree"/>
      </reference>
      <name value="Pedigree"/>
      <description value="A Pedigree is collection of selected information about a family, including the individuals, relationships between them, and relevant health conditions."/>
      <exampleBoolean value="false"/>
    </resource>
    <resource>
      <extension url="http://hl7.org/fhir/tools/StructureDefinition/resource-information">
        <valueString value="StructureDefinition:resource"/>
      </extension>
      <reference>
        <reference value="StructureDefinition/PedigreeIndividual"/>
      </reference>
      <name value="Pedigree Individual"/>
      <description value="Represents and individual in a pedigree."/>
      <exampleBoolean value="false"/>
    </resource>
    <resource>
      <extension url="http://hl7.org/fhir/tools/StructureDefinition/resource-information">
        <valueString value="StructureDefinition:resource"/>
      </extension>
      <reference>
        <reference value="StructureDefinition/PedigreeRelationship"/>
      </reference>
      <name value="Pedigree Relationship"/>
      <description value="Represents a relationship between individuals in a pedigree."/>
      <exampleBoolean value="false"/>
    </resource>
    <resource>
      <extension url="http://hl7.org/fhir/tools/StructureDefinition/resource-information">
        <valueString value="StructureDefinition:extension"/>
      </extension>
      <reference>
        <reference value="StructureDefinition/patient-unborn"/>
      </reference>
      <name value="Unborn"/>
      <description value="Indicates if an individual in a pedigree hasn&#39;t been born yet."/>
      <exampleBoolean value="false"/>
    </resource>
    <resource>
      <extension url="http://hl7.org/fhir/tools/StructureDefinition/resource-information">
        <valueString value="ValueSet"/>
      </extension>
      <reference>
        <reference value="ValueSet/PedigreeRelationshipTypes"/>
      </reference>
      <name value="Pedigree Relationship Types"/>
      <description value="The types of relationships between individuals in a pedigree."/>
      <exampleBoolean value="false"/>
    </resource>
    <resource>
      <extension url="http://hl7.org/fhir/tools/StructureDefinition/resource-information">
        <valueString value="CodeSystem"/>
      </extension>
      <reference>
        <reference value="CodeSystem/SectionType"/>
      </reference>
      <name value="Section Type"/>
      <description value="Represents the different types of sections in a pedigree."/>
      <exampleBoolean value="false"/>
    </resource>
    <resource>
      <extension url="http://hl7.org/fhir/tools/StructureDefinition/resource-information">
        <valueString value="Patient"/>
      </extension>
      <reference>
        <reference value="Patient/Abe"/>
      </reference>
      <name value="Abe"/>
      <description value="Abe is Homer&#39;s father."/>
      <exampleCanonical value="http://purl.org/ga4gh/pedigree-fhir-ig/StructureDefinition/PedigreeIndividual"/>
    </resource>
    <resource>
      <extension url="http://hl7.org/fhir/tools/StructureDefinition/resource-information">
        <valueString value="Observation"/>
      </extension>
      <reference>
        <reference value="Observation/AffectedStatusFather"/>
      </reference>
      <name value="Affected Status Father"/>
      <description value="The affected status of the father."/>
      <exampleCanonical value="http://purl.org/ga4gh/pedigree-fhir-ig/StructureDefinition/AffectedStatus"/>
    </resource>
    <resource>
      <extension url="http://hl7.org/fhir/tools/StructureDefinition/resource-information">
        <valueString value="Observation"/>
      </extension>
      <reference>
        <reference value="Observation/AffectedStatusMother"/>
      </reference>
      <name value="Affected Status Mother"/>
      <description value="The affected status of the mother."/>
      <exampleCanonical value="http://purl.org/ga4gh/pedigree-fhir-ig/StructureDefinition/AffectedStatus"/>
    </resource>
    <resource>
      <extension url="http://hl7.org/fhir/tools/StructureDefinition/resource-information">
        <valueString value="Observation"/>
      </extension>
      <reference>
        <reference value="Observation/AffectedStatusProband"/>
      </reference>
      <name value="Affected Status Proband"/>
      <description value="The affected status of the proband."/>
      <exampleCanonical value="http://purl.org/ga4gh/pedigree-fhir-ig/StructureDefinition/AffectedStatus"/>
    </resource>
    <resource>
      <extension url="http://hl7.org/fhir/tools/StructureDefinition/resource-information">
        <valueString value="Patient"/>
      </extension>
      <reference>
        <reference value="Patient/Bart"/>
      </reference>
      <name value="Bart"/>
      <description value="Bart is the proband and consultand."/>
      <exampleCanonical value="http://purl.org/ga4gh/pedigree-fhir-ig/StructureDefinition/PedigreeIndividual"/>
    </resource>
    <resource>
      <extension url="http://hl7.org/fhir/tools/StructureDefinition/resource-information">
        <valueString value="FamilyMemberHistory"/>
      </extension>
      <reference>
        <reference value="FamilyMemberHistory/BartHomerRelationship"/>
      </reference>
      <name value="Bart-Homer Relationship"/>
      <description value="The relationship between Bart and his father."/>
      <exampleCanonical value="http://purl.org/ga4gh/pedigree-fhir-ig/StructureDefinition/PedigreeRelationship"/>
    </resource>
    <resource>
      <extension url="http://hl7.org/fhir/tools/StructureDefinition/resource-information">
        <valueString value="FamilyMemberHistory"/>
      </extension>
      <reference>
        <reference value="FamilyMemberHistory/BartMargeRelationship"/>
      </reference>
      <name value="Bart-Marge Relationship"/>
      <description value="The relationship between Bart and his mother."/>
      <exampleCanonical value="http://purl.org/ga4gh/pedigree-fhir-ig/StructureDefinition/PedigreeRelationship"/>
    </resource>
    <resource>
      <extension url="http://hl7.org/fhir/tools/StructureDefinition/resource-information">
        <valueString value="Condition"/>
      </extension>
      <reference>
        <reference value="Condition/BartsCondition"/>
      </reference>
      <name value="Bart&#39;s condition"/>
      <description value="Attention deficit hyperactivity disorder, the condition that triggered the collection of this pedigree."/>
      <exampleBoolean value="true"/>
    </resource>
    <resource>
      <extension url="http://hl7.org/fhir/tools/StructureDefinition/resource-information">
        <valueString value="Practitioner"/>
      </extension>
      <reference>
        <reference value="Practitioner/DrNick"/>
      </reference>
      <name value="Dr Nick"/>
      <description value="Dr Nick, author of this pedigree."/>
      <exampleBoolean value="true"/>
    </resource>
    <resource>
      <extension url="http://hl7.org/fhir/tools/StructureDefinition/resource-information">
        <valueString value="Patient"/>
      </extension>
      <reference>
        <reference value="Patient/Father"/>
      </reference>
      <name value="Father"/>
      <description value="The father in the trio."/>
      <exampleCanonical value="http://purl.org/ga4gh/pedigree-fhir-ig/StructureDefinition/PedigreeIndividual"/>
    </resource>
    <resource>
      <extension url="http://hl7.org/fhir/tools/StructureDefinition/resource-information">
        <valueString value="Condition"/>
      </extension>
      <reference>
        <reference value="Condition/FatherFirstCondition"/>
      </reference>
      <name value="Father First Condition"/>
      <description value="Cardiomegaly, the first condition suffered by the father."/>
      <exampleBoolean value="true"/>
    </resource>
    <resource>
      <extension url="http://hl7.org/fhir/tools/StructureDefinition/resource-information">
        <valueString value="Condition"/>
      </extension>
      <reference>
        <reference value="Condition/FatherSecondCondition"/>
      </reference>
      <name value="Father Second Condition"/>
      <description value="Shuffling gait, the second condition suffered by the father."/>
      <exampleBoolean value="true"/>
    </resource>
    <resource>
      <extension url="http://hl7.org/fhir/tools/StructureDefinition/resource-information">
        <valueString value="Patient"/>
      </extension>
      <reference>
        <reference value="Patient/Homer"/>
      </reference>
      <name value="Homer"/>
      <description value="Homer is Bart&#39;s father and Marge&#39;s husband."/>
      <exampleCanonical value="http://purl.org/ga4gh/pedigree-fhir-ig/StructureDefinition/PedigreeIndividual"/>
    </resource>
    <resource>
      <extension url="http://hl7.org/fhir/tools/StructureDefinition/resource-information">
        <valueString value="FamilyMemberHistory"/>
      </extension>
      <reference>
        <reference value="FamilyMemberHistory/HomerAbeRelationship"/>
      </reference>
      <name value="Homer-Abe Relationship"/>
      <description value="The relationship between Homer and his father."/>
      <exampleCanonical value="http://purl.org/ga4gh/pedigree-fhir-ig/StructureDefinition/PedigreeRelationship"/>
    </resource>
    <resource>
      <extension url="http://hl7.org/fhir/tools/StructureDefinition/resource-information">
        <valueString value="Patient"/>
      </extension>
      <reference>
        <reference value="Patient/Marge"/>
      </reference>
      <name value="Marge"/>
      <description value="Marge is Bart&#39;s mother and Homer&#39;s wife."/>
      <exampleCanonical value="http://purl.org/ga4gh/pedigree-fhir-ig/StructureDefinition/PedigreeIndividual"/>
    </resource>
    <resource>
      <extension url="http://hl7.org/fhir/tools/StructureDefinition/resource-information">
        <valueString value="FamilyMemberHistory"/>
      </extension>
      <reference>
        <reference value="FamilyMemberHistory/MargeHomerRelationship"/>
      </reference>
      <name value="Marge-Homer Relationship"/>
      <description value="The relationship between Marge and her husband."/>
      <exampleCanonical value="http://purl.org/ga4gh/pedigree-fhir-ig/StructureDefinition/PedigreeRelationship"/>
    </resource>
    <resource>
      <extension url="http://hl7.org/fhir/tools/StructureDefinition/resource-information">
        <valueString value="Organization"/>
      </extension>
      <reference>
        <reference value="Organization/MelbourneGenomics"/>
      </reference>
      <name value="Melbourne Genomics"/>
      <description value="The Melbourne Genomics organisation."/>
      <exampleBoolean value="true"/>
    </resource>
    <resource>
      <extension url="http://hl7.org/fhir/tools/StructureDefinition/resource-information">
        <valueString value="Patient"/>
      </extension>
      <reference>
        <reference value="Patient/Mother"/>
      </reference>
      <name value="Mother"/>
      <description value="The mother in the trio."/>
      <exampleCanonical value="http://purl.org/ga4gh/pedigree-fhir-ig/StructureDefinition/PedigreeIndividual"/>
    </resource>
    <resource>
      <extension url="http://hl7.org/fhir/tools/StructureDefinition/resource-information">
        <valueString value="Patient"/>
      </extension>
      <reference>
        <reference value="Patient/Proband"/>
      </reference>
      <name value="Proband"/>
      <description value="The proband in the trio."/>
      <exampleCanonical value="http://purl.org/ga4gh/pedigree-fhir-ig/StructureDefinition/PedigreeIndividual"/>
    </resource>
    <resource>
      <extension url="http://hl7.org/fhir/tools/StructureDefinition/resource-information">
        <valueString value="Condition"/>
      </extension>
      <reference>
        <reference value="Condition/ProbandCondition"/>
      </reference>
      <name value="Proband Condition"/>
      <description value="Progressive gait ataxia, the condition suffered by the proband."/>
      <exampleBoolean value="true"/>
    </resource>
    <resource>
      <extension url="http://hl7.org/fhir/tools/StructureDefinition/resource-information">
        <valueString value="FamilyMemberHistory"/>
      </extension>
      <reference>
        <reference value="FamilyMemberHistory/ProbandFatherRelationship"/>
      </reference>
      <name value="Proband Father Relationship"/>
      <description value="The relationship between the proband and her father."/>
      <exampleCanonical value="http://purl.org/ga4gh/pedigree-fhir-ig/StructureDefinition/PedigreeRelationship"/>
    </resource>
    <resource>
      <extension url="http://hl7.org/fhir/tools/StructureDefinition/resource-information">
        <valueString value="FamilyMemberHistory"/>
      </extension>
      <reference>
        <reference value="FamilyMemberHistory/ProbandMotherRelationship"/>
      </reference>
      <name value="Proband Mother Relationship"/>
      <description value="The relationship between the proband and her mother."/>
      <exampleCanonical value="http://purl.org/ga4gh/pedigree-fhir-ig/StructureDefinition/PedigreeRelationship"/>
    </resource>
    <resource>
      <extension url="http://hl7.org/fhir/tools/StructureDefinition/resource-information">
        <valueString value="Composition"/>
      </extension>
      <reference>
        <reference value="Composition/SimpsonsPedigree"/>
      </reference>
      <name value="Simpson&#39;s pedigree"/>
      <description value="A pedigree of the Simpson&#39;s family."/>
      <exampleCanonical value="http://purl.org/ga4gh/pedigree-fhir-ig/StructureDefinition/Pedigree"/>
    </resource>
    <resource>
      <extension url="http://hl7.org/fhir/tools/StructureDefinition/resource-information">
        <valueString value="Composition"/>
      </extension>
      <reference>
        <reference value="Composition/TrioPedigree"/>
      </reference>
      <name value="The trio&#39;s pedigree"/>
      <description value="A pedigree of the trio."/>
      <exampleCanonical value="http://purl.org/ga4gh/pedigree-fhir-ig/StructureDefinition/Pedigree"/>
    </resource>
    <resource>
      <extension url="http://hl7.org/fhir/tools/StructureDefinition/resource-information">
        <valueString value="Observation"/>
      </extension>
      <reference>
        <reference value="Observation/pedigree-1-affected-status-example-1"/>
      </reference>
      <name value="Pedigree 1 Affected Status Example 1"/>
      <exampleCanonical value="http://purl.org/ga4gh/pedigree-fhir-ig/StructureDefinition/AffectedStatus"/>
    </resource>
    <resource>
      <extension url="http://hl7.org/fhir/tools/StructureDefinition/resource-information">
        <valueString value="Condition"/>
      </extension>
      <reference>
        <reference value="Condition/pedigree-1-condition-example-1"/>
      </reference>
      <name value="Pedigree 1 Condition Example 1"/>
      <exampleBoolean value="true"/>
    </resource>
    <resource>
      <extension url="http://hl7.org/fhir/tools/StructureDefinition/resource-information">
        <valueString value="Patient"/>
      </extension>
      <reference>
        <reference value="Patient/pedigree-1-individual-example-1"/>
      </reference>
      <name value="Pedigree 1 Individual Example 1"/>
      <exampleCanonical value="http://purl.org/ga4gh/pedigree-fhir-ig/StructureDefinition/PedigreeIndividual"/>
    </resource>
    <resource>
      <extension url="http://hl7.org/fhir/tools/StructureDefinition/resource-information">
        <valueString value="Patient"/>
      </extension>
      <reference>
        <reference value="Patient/pedigree-1-individual-example-10"/>
      </reference>
      <name value="Pedigree 1 Individual Example 10"/>
      <exampleCanonical value="http://purl.org/ga4gh/pedigree-fhir-ig/StructureDefinition/PedigreeIndividual"/>
    </resource>
    <resource>
      <extension url="http://hl7.org/fhir/tools/StructureDefinition/resource-information">
        <valueString value="Patient"/>
      </extension>
      <reference>
        <reference value="Patient/pedigree-1-individual-example-11"/>
      </reference>
      <name value="Pedigree 1 Individual Example 11"/>
      <exampleCanonical value="http://purl.org/ga4gh/pedigree-fhir-ig/StructureDefinition/PedigreeIndividual"/>
    </resource>
    <resource>
      <extension url="http://hl7.org/fhir/tools/StructureDefinition/resource-information">
        <valueString value="Patient"/>
      </extension>
      <reference>
        <reference value="Patient/pedigree-1-individual-example-12"/>
      </reference>
      <name value="Pedigree 1 Individual Example 12"/>
      <exampleCanonical value="http://purl.org/ga4gh/pedigree-fhir-ig/StructureDefinition/PedigreeIndividual"/>
    </resource>
    <resource>
      <extension url="http://hl7.org/fhir/tools/StructureDefinition/resource-information">
        <valueString value="Patient"/>
      </extension>
      <reference>
        <reference value="Patient/pedigree-1-individual-example-13"/>
      </reference>
      <name value="Pedigree 1 Individual Example 13"/>
      <exampleCanonical value="http://purl.org/ga4gh/pedigree-fhir-ig/StructureDefinition/PedigreeIndividual"/>
    </resource>
    <resource>
      <extension url="http://hl7.org/fhir/tools/StructureDefinition/resource-information">
        <valueString value="Patient"/>
      </extension>
      <reference>
        <reference value="Patient/pedigree-1-individual-example-2"/>
      </reference>
      <name value="Pedigree 1 Individual Example 2"/>
      <exampleCanonical value="http://purl.org/ga4gh/pedigree-fhir-ig/StructureDefinition/PedigreeIndividual"/>
    </resource>
    <resource>
      <extension url="http://hl7.org/fhir/tools/StructureDefinition/resource-information">
        <valueString value="Patient"/>
      </extension>
      <reference>
        <reference value="Patient/pedigree-1-individual-example-3"/>
      </reference>
      <name value="Pedigree 1 Individual Example 3"/>
      <exampleCanonical value="http://purl.org/ga4gh/pedigree-fhir-ig/StructureDefinition/PedigreeIndividual"/>
    </resource>
    <resource>
      <extension url="http://hl7.org/fhir/tools/StructureDefinition/resource-information">
        <valueString value="Patient"/>
      </extension>
      <reference>
        <reference value="Patient/pedigree-1-individual-example-4"/>
      </reference>
      <name value="Pedigree 1 Individual Example 4"/>
      <exampleCanonical value="http://purl.org/ga4gh/pedigree-fhir-ig/StructureDefinition/PedigreeIndividual"/>
    </resource>
    <resource>
      <extension url="http://hl7.org/fhir/tools/StructureDefinition/resource-information">
        <valueString value="Patient"/>
      </extension>
      <reference>
        <reference value="Patient/pedigree-1-individual-example-5"/>
      </reference>
      <name value="Pedigree 1 Individual Example 5"/>
      <exampleCanonical value="http://purl.org/ga4gh/pedigree-fhir-ig/StructureDefinition/PedigreeIndividual"/>
    </resource>
    <resource>
      <extension url="http://hl7.org/fhir/tools/StructureDefinition/resource-information">
        <valueString value="Patient"/>
      </extension>
      <reference>
        <reference value="Patient/pedigree-1-individual-example-6"/>
      </reference>
      <name value="Pedigree 1 Individual Example 6"/>
      <exampleCanonical value="http://purl.org/ga4gh/pedigree-fhir-ig/StructureDefinition/PedigreeIndividual"/>
    </resource>
    <resource>
      <extension url="http://hl7.org/fhir/tools/StructureDefinition/resource-information">
        <valueString value="Patient"/>
      </extension>
      <reference>
        <reference value="Patient/pedigree-1-individual-example-7"/>
      </reference>
      <name value="Pedigree 1 Individual Example 7"/>
      <exampleCanonical value="http://purl.org/ga4gh/pedigree-fhir-ig/StructureDefinition/PedigreeIndividual"/>
    </resource>
    <resource>
      <extension url="http://hl7.org/fhir/tools/StructureDefinition/resource-information">
        <valueString value="Patient"/>
      </extension>
      <reference>
        <reference value="Patient/pedigree-1-individual-example-8"/>
      </reference>
      <name value="Pedigree 1 Individual Example 8"/>
      <exampleCanonical value="http://purl.org/ga4gh/pedigree-fhir-ig/StructureDefinition/PedigreeIndividual"/>
    </resource>
    <resource>
      <extension url="http://hl7.org/fhir/tools/StructureDefinition/resource-information">
        <valueString value="Patient"/>
      </extension>
      <reference>
        <reference value="Patient/pedigree-1-individual-example-9"/>
      </reference>
      <name value="Pedigree 1 Individual Example 9"/>
      <exampleCanonical value="http://purl.org/ga4gh/pedigree-fhir-ig/StructureDefinition/PedigreeIndividual"/>
    </resource>
    <resource>
      <extension url="http://hl7.org/fhir/tools/StructureDefinition/resource-information">
        <valueString value="Organization"/>
      </extension>
      <reference>
        <reference value="Organization/pedigree-1-organization-example-1"/>
      </reference>
      <name value="Pedigree 1 Organization Example 1"/>
      <exampleBoolean value="true"/>
    </resource>
    <resource>
      <extension url="http://hl7.org/fhir/tools/StructureDefinition/resource-information">
        <valueString value="Composition"/>
      </extension>
      <reference>
        <reference value="Composition/pedigree-1-pedigree-example-1"/>
      </reference>
      <name value="Pedigree 1 Pedigree Example 1"/>
      <exampleCanonical value="http://purl.org/ga4gh/pedigree-fhir-ig/StructureDefinition/Pedigree"/>
    </resource>
    <resource>
      <extension url="http://hl7.org/fhir/tools/StructureDefinition/resource-information">
        <valueString value="FamilyMemberHistory"/>
      </extension>
      <reference>
        <reference value="FamilyMemberHistory/pedigree-1-relationship-example-1"/>
      </reference>
      <name value="Pedigree 1 Relationship Example 1"/>
      <exampleCanonical value="http://purl.org/ga4gh/pedigree-fhir-ig/StructureDefinition/PedigreeRelationship"/>
    </resource>
    <resource>
      <extension url="http://hl7.org/fhir/tools/StructureDefinition/resource-information">
        <valueString value="FamilyMemberHistory"/>
      </extension>
      <reference>
        <reference value="FamilyMemberHistory/pedigree-1-relationship-example-10"/>
      </reference>
      <name value="Pedigree 1 Relationship Example 10"/>
      <exampleCanonical value="http://purl.org/ga4gh/pedigree-fhir-ig/StructureDefinition/PedigreeRelationship"/>
    </resource>
    <resource>
      <extension url="http://hl7.org/fhir/tools/StructureDefinition/resource-information">
        <valueString value="FamilyMemberHistory"/>
      </extension>
      <reference>
        <reference value="FamilyMemberHistory/pedigree-1-relationship-example-11"/>
      </reference>
      <name value="Pedigree 1 Relationship Example 11"/>
      <exampleCanonical value="http://purl.org/ga4gh/pedigree-fhir-ig/StructureDefinition/PedigreeRelationship"/>
    </resource>
    <resource>
      <extension url="http://hl7.org/fhir/tools/StructureDefinition/resource-information">
        <valueString value="FamilyMemberHistory"/>
      </extension>
      <reference>
        <reference value="FamilyMemberHistory/pedigree-1-relationship-example-12"/>
      </reference>
      <name value="Pedigree 1 Relationship Example 12"/>
      <exampleCanonical value="http://purl.org/ga4gh/pedigree-fhir-ig/StructureDefinition/PedigreeRelationship"/>
    </resource>
    <resource>
      <extension url="http://hl7.org/fhir/tools/StructureDefinition/resource-information">
        <valueString value="FamilyMemberHistory"/>
      </extension>
      <reference>
        <reference value="FamilyMemberHistory/pedigree-1-relationship-example-13"/>
      </reference>
      <name value="Pedigree 1 Relationship Example 13"/>
      <exampleCanonical value="http://purl.org/ga4gh/pedigree-fhir-ig/StructureDefinition/PedigreeRelationship"/>
    </resource>
    <resource>
      <extension url="http://hl7.org/fhir/tools/StructureDefinition/resource-information">
        <valueString value="FamilyMemberHistory"/>
      </extension>
      <reference>
        <reference value="FamilyMemberHistory/pedigree-1-relationship-example-14"/>
      </reference>
      <name value="Pedigree 1 Relationship Example 14"/>
      <exampleCanonical value="http://purl.org/ga4gh/pedigree-fhir-ig/StructureDefinition/PedigreeRelationship"/>
    </resource>
    <resource>
      <extension url="http://hl7.org/fhir/tools/StructureDefinition/resource-information">
        <valueString value="FamilyMemberHistory"/>
      </extension>
      <reference>
        <reference value="FamilyMemberHistory/pedigree-1-relationship-example-15"/>
      </reference>
      <name value="Pedigree 1 Relationship Example 15"/>
      <exampleCanonical value="http://purl.org/ga4gh/pedigree-fhir-ig/StructureDefinition/PedigreeRelationship"/>
    </resource>
    <resource>
      <extension url="http://hl7.org/fhir/tools/StructureDefinition/resource-information">
        <valueString value="FamilyMemberHistory"/>
      </extension>
      <reference>
        <reference value="FamilyMemberHistory/pedigree-1-relationship-example-16"/>
      </reference>
      <name value="Pedigree 1 Relationship Example 16"/>
      <exampleCanonical value="http://purl.org/ga4gh/pedigree-fhir-ig/StructureDefinition/PedigreeRelationship"/>
    </resource>
    <resource>
      <extension url="http://hl7.org/fhir/tools/StructureDefinition/resource-information">
        <valueString value="FamilyMemberHistory"/>
      </extension>
      <reference>
        <reference value="FamilyMemberHistory/pedigree-1-relationship-example-2"/>
      </reference>
      <name value="Pedigree 1 Relationship Example 2"/>
      <exampleCanonical value="http://purl.org/ga4gh/pedigree-fhir-ig/StructureDefinition/PedigreeRelationship"/>
    </resource>
    <resource>
      <extension url="http://hl7.org/fhir/tools/StructureDefinition/resource-information">
        <valueString value="FamilyMemberHistory"/>
      </extension>
      <reference>
        <reference value="FamilyMemberHistory/pedigree-1-relationship-example-3"/>
      </reference>
      <name value="Pedigree 1 Relationship Example 3"/>
      <exampleCanonical value="http://purl.org/ga4gh/pedigree-fhir-ig/StructureDefinition/PedigreeRelationship"/>
    </resource>
    <resource>
      <extension url="http://hl7.org/fhir/tools/StructureDefinition/resource-information">
        <valueString value="FamilyMemberHistory"/>
      </extension>
      <reference>
        <reference value="FamilyMemberHistory/pedigree-1-relationship-example-4"/>
      </reference>
      <name value="Pedigree 1 Relationship Example 4"/>
      <exampleCanonical value="http://purl.org/ga4gh/pedigree-fhir-ig/StructureDefinition/PedigreeRelationship"/>
    </resource>
    <resource>
      <extension url="http://hl7.org/fhir/tools/StructureDefinition/resource-information">
        <valueString value="FamilyMemberHistory"/>
      </extension>
      <reference>
        <reference value="FamilyMemberHistory/pedigree-1-relationship-example-5"/>
      </reference>
      <name value="Pedigree 1 Relationship Example 5"/>
      <exampleCanonical value="http://purl.org/ga4gh/pedigree-fhir-ig/StructureDefinition/PedigreeRelationship"/>
    </resource>
    <resource>
      <extension url="http://hl7.org/fhir/tools/StructureDefinition/resource-information">
        <valueString value="FamilyMemberHistory"/>
      </extension>
      <reference>
        <reference value="FamilyMemberHistory/pedigree-1-relationship-example-6"/>
      </reference>
      <name value="Pedigree 1 Relationship Example 6"/>
      <exampleCanonical value="http://purl.org/ga4gh/pedigree-fhir-ig/StructureDefinition/PedigreeRelationship"/>
    </resource>
    <resource>
      <extension url="http://hl7.org/fhir/tools/StructureDefinition/resource-information">
        <valueString value="FamilyMemberHistory"/>
      </extension>
      <reference>
        <reference value="FamilyMemberHistory/pedigree-1-relationship-example-7"/>
      </reference>
      <name value="Pedigree 1 Relationship Example 7"/>
      <exampleCanonical value="http://purl.org/ga4gh/pedigree-fhir-ig/StructureDefinition/PedigreeRelationship"/>
    </resource>
    <resource>
      <extension url="http://hl7.org/fhir/tools/StructureDefinition/resource-information">
        <valueString value="FamilyMemberHistory"/>
      </extension>
      <reference>
        <reference value="FamilyMemberHistory/pedigree-1-relationship-example-8"/>
      </reference>
      <name value="Pedigree 1 Relationship Example 8"/>
      <exampleCanonical value="http://purl.org/ga4gh/pedigree-fhir-ig/StructureDefinition/PedigreeRelationship"/>
    </resource>
    <resource>
      <extension url="http://hl7.org/fhir/tools/StructureDefinition/resource-information">
        <valueString value="FamilyMemberHistory"/>
      </extension>
      <reference>
        <reference value="FamilyMemberHistory/pedigree-1-relationship-example-9"/>
      </reference>
      <name value="Pedigree 1 Relationship Example 9"/>
      <exampleCanonical value="http://purl.org/ga4gh/pedigree-fhir-ig/StructureDefinition/PedigreeRelationship"/>
    </resource>
    <resource>
      <extension url="http://hl7.org/fhir/tools/StructureDefinition/resource-information">
        <valueString value="CodeSystem"/>
      </extension>
      <reference>
        <reference value="CodeSystem/PedigreeRelationships"/>
      </reference>
      <name value="Pedigree Relationships"/>
      <description value="Code system for pedigree realtionship types."/>
      <exampleBoolean value="false"/>
    </resource>
    <page>
      <nameUrl value="toc.html"/>
      <title value="Table of Contents"/>
      <generation value="html"/>
      <page>
        <nameUrl value="index.html"/>
        <title value="Overview"/>
        <generation value="markdown"/>
      </page>
      <page>
        <nameUrl value="downloads.html"/>
        <title value="Downloads"/>
        <generation value="markdown"/>
      </page>
    </page>
    <parameter>
      <code value="path-resource"/>
      <value value="input/capabilities"/>
    </parameter>
    <parameter>
      <code value="path-resource"/>
      <value value="input/examples"/>
    </parameter>
    <parameter>
      <code value="path-resource"/>
      <value value="input/extensions"/>
    </parameter>
    <parameter>
      <code value="path-resource"/>
      <value value="input/models"/>
    </parameter>
    <parameter>
      <code value="path-resource"/>
      <value value="input/operations"/>
    </parameter>
    <parameter>
      <code value="path-resource"/>
      <value value="input/profiles"/>
    </parameter>
    <parameter>
      <code value="path-resource"/>
      <value value="input/resources"/>
    </parameter>
    <parameter>
      <code value="path-resource"/>
      <value value="input/vocabulary"/>
    </parameter>
    <parameter>
      <code value="path-resource"/>
      <value value="input/maps"/>
    </parameter>
    <parameter>
      <code value="path-resource"/>
      <value value="input/testing"/>
    </parameter>
    <parameter>
      <code value="path-resource"/>
      <value value="input/history"/>
    </parameter>
    <parameter>
      <code value="path-resource"/>
      <value value="fsh-generated/resources"/>
    </parameter>
    <parameter>
      <code value="path-pages"/>
      <value value="template/config"/>
    </parameter>
    <parameter>
      <code value="path-pages"/>
      <value value="input/images"/>
    </parameter>
    <parameter>
      <code value="path-tx-cache"/>
      <value value="input-cache/txcache"/>
    </parameter>
  </definition>
</ImplementationGuide>