<?xml version="1.0" encoding="UTF-8"?>

<Observation xmlns="http://hl7.org/fhir">
  <id value="AffectedStatusProband"/>
  <meta>
    <profile value="http://purl.org/ga4gh/pedigree-fhir-ig/StructureDefinition/AffectedStatus"/>
  </meta>
  <text>
    <status value="generated"/><div xmlns="http://www.w3.org/1999/xhtml"><p><b>Generated Narrative</b></p><div style="display: inline-block; background-color: #d9e0e7; padding: 6px; margin: 4px; border: 1px solid #8da1b4; border-radius: 5px; line-height: 60%"><p style="margin-bottom: 0px">Resource "AffectedStatusProband" </p><p style="margin-bottom: 0px">Profile: <a href="StructureDefinition-AffectedStatus.html">Affected Status</a></p></div><p><b>status</b>: final</p><p><b>code</b>: Patient affected <span style="background: LightGoldenRodYellow; margin: 4px; border: 1px solid khaki"> (<a href="https://browser.ihtsdotools.org/">SNOMED CT</a>#103309006)</span></p><p><b>subject</b>: <a href="Patient-Proband.html">Patient/Proband</a></p><p><b>value</b>: true</p></div>
  </text>
  <status value="final"/>
  <code>
    <coding>
      <system value="http://snomed.info/sct"/>
      <code value="103309006"/>
    </coding>
  </code>
  <subject>
    <reference value="Patient/Proband"/>
  </subject>
  <valueBoolean value="true"/>
</Observation>