<?xml version="1.0" encoding="UTF-8"?>

<Patient xmlns="http://hl7.org/fhir">
  <id value="Marge"/>
  <meta>
    <profile value="http://purl.org/ga4gh/pedigree-fhir-ig/StructureDefinition/PedigreeIndividual"/>
  </meta>
  <text>
    <status value="generated"/><div xmlns="http://www.w3.org/1999/xhtml"><p><b>Anonymous Patient</b> female, DoB Unknown ( id: 3)</p></div>
  </text>
  <extension url="http://purl.org/ga4gh/pedigree-fhir-ig/StructureDefinition/patient-unborn">
    <valueBoolean value="false"/>
  </extension>
  <identifier>
    <system value="urn:fdc:sprinfieldlab.net:2021:id/patient"/>
    <value value="3"/>
  </identifier>
  <gender value="female"/>
  <deceasedBoolean value="false"/>
</Patient>