<?xml version="1.0" encoding="UTF-8"?>

<ValueSet xmlns="http://hl7.org/fhir">
  <id value="PedigreeRelationshipTypes"/>
  <text>
    <status value="generated"/><div xmlns="http://www.w3.org/1999/xhtml"><ul><li>Include all codes defined in <code>http://purl.org/ga4gh/rel.fhir</code></li></ul></div>
  </text>
  <url value="http://purl.org/ga4gh/pedigree-fhir-ig/ValueSet/PedigreeRelationshipTypes"/>
  <version value="0.1.0"/>
  <name value="PedigreeRelationshipTypes"/>
  <title value="Pedigree Relationship Types"/>
  <status value="active"/>
  <date value="2021-06-23T02:19:56+00:00"/>
  <publisher value="Global Alliance for Genomics and Health - Clinical and Phenotypic Data Capture Work Stream"/>
  <contact>
    <name value="Global Alliance for Genomics and Health - Clinical and Phenotypic Data Capture Work Stream"/>
    <telecom>
      <system value="url"/>
      <value value="https://www.ga4gh.org/work_stream/clinical-phenotypic-data-capture-2/"/>
    </telecom>
  </contact>
  <description value="The types of relationships between individuals in a pedigree."/>
  <copyright value="[Global Alliance for Genomics and Health](https://www.ga4gh.org)"/>
  <compose>
    <include>
      <system value="http://purl.org/ga4gh/rel.fhir"/>
    </include>
  </compose>
</ValueSet>