<?xml version="1.0" encoding="UTF-8"?><CodeSystem xmlns="http://hl7.org/fhir"><id value="PedigreeRelationships"/><text><status value="generated"/><div xmlns="http://www.w3.org/1999/xhtml"><p>This code system http://ga4gh-cp.github.io/pedigree-fhir-ig/CodeSystem/PedigreeRelationships defines the following codes:</p><table class="codes"><tr><td style="white-space:nowrap"><b>Code</b></td><td><b>Display</b></td></tr><tr><td style="white-space:nowrap">REL:001</td><td>Relative</td></tr><tr><td style="white-space:nowrap">REL:002</td><td>Biological relative</td></tr><tr><td style="white-space:nowrap">REL:003</td><td>Biological parent</td></tr><tr><td style="white-space:nowrap">REL:004</td><td>Sperm / ovum donor</td></tr><tr><td style="white-space:nowrap">REL:005</td><td>Gestational carrier</td></tr><tr><td style="white-space:nowrap">REL:006</td><td>Surrogate ovum donor</td></tr><tr><td style="white-space:nowrap">REL:007</td><td>Biological sibling</td></tr><tr><td style="white-space:nowrap">REL:008</td><td>Full sibling</td></tr><tr><td style="white-space:nowrap">REL:009</td><td>Twin</td></tr><tr><td style="white-space:nowrap">REL:010</td><td>Monozygotic twin</td></tr><tr><td style="white-space:nowrap">REL:011</td><td>Polyzygotic twin</td></tr><tr><td style="white-space:nowrap">REL:012</td><td>Half-sibling</td></tr><tr><td style="white-space:nowrap">REL:013</td><td>Uncle</td></tr><tr><td style="white-space:nowrap">REL:014</td><td>Cousin</td></tr><tr><td style="white-space:nowrap">REL:015</td><td>Maternal cousin</td></tr><tr><td style="white-space:nowrap">REL:016</td><td>Paternal cousin</td></tr><tr><td style="white-space:nowrap">REL:017</td><td>Grandparent</td></tr><tr><td style="white-space:nowrap">REL:018</td><td>Great-grandparent</td></tr><tr><td style="white-space:nowrap">REL:019</td><td>Social / legal relative</td></tr><tr><td style="white-space:nowrap">REL:020</td><td>Parent figure</td></tr><tr><td style="white-space:nowrap">REL:021</td><td>Foster parent</td></tr><tr><td style="white-space:nowrap">REL:022</td><td>Adoptive parent</td></tr><tr><td style="white-space:nowrap">REL:023</td><td>Step-parent</td></tr><tr><td style="white-space:nowrap">REL:024</td><td>Sibling figure</td></tr><tr><td style="white-space:nowrap">REL:025</td><td>Step-sibling</td></tr><tr><td style="white-space:nowrap">REL:026</td><td>Significant other</td></tr></table></div></text><url value="http://ga4gh-cp.github.io/pedigree-fhir-ig/CodeSystem/PedigreeRelationships"/><version value="0.1.0"/><name value="PedigreeRelationships"/><title value="Pedigree Relationships"/><status value="active"/><experimental value="false"/><date value="2021-02-09T09:53:53+10:00"/><publisher value="Global Alliance for Genomics and Health - Clinical and Phenotypic Data Capture Work Stream"/><contact><name value="Global Alliance for Genomics and Health - Clinical and Phenotypic Data Capture Work Stream"/><telecom><system value="url"/><value value="https://www.ga4gh.org/work_stream/clinical-phenotypic-data-capture-2/"/></telecom></contact><description value="Code system for pedigree realtionship types."/><copyright value="[Global Alliance for Genomics and Health](https://www.ga4gh.org)"/><caseSensitive value="true"/><valueSet value="http://ga4gh-cp.github.io/pedigree-fhir-ig/CodeSystem/PedigreeRelationships?vs"/><hierarchyMeaning value="is-a"/><compositional value="false"/><versionNeeded value="false"/><content value="complete"/><count value="26"/><filter><code value="root"/><operator value="="/><value value="True or false."/></filter><filter><code value="deprecated"/><operator value="="/><value value="True or false."/></filter><property><code value="parent"/><description value="Parent codes."/><type value="code"/></property><property><code value="root"/><description value="Indicates if this concept is a root concept (i.e. Thing is equivalent or a direct parent)"/><type value="boolean"/></property><property><code value="deprecated"/><description value="Indicates if this concept is deprecated."/><type value="boolean"/></property><concept><code value="REL:001"/><display value="Relative"/><property><code value="root"/><valueBoolean value="true"/></property><property><code value="deprecated"/><valueBoolean value="false"/></property></concept><concept><code value="REL:002"/><display value="Biological relative"/><property><code value="parent"/><valueCode value="REL:001"/></property><property><code value="root"/><valueBoolean value="false"/></property><property><code value="deprecated"/><valueBoolean value="false"/></property></concept><concept><code value="REL:003"/><display value="Biological parent"/><property><code value="parent"/><valueCode value="REL:002"/></property><property><code value="root"/><valueBoolean value="false"/></property><property><code value="deprecated"/><valueBoolean value="false"/></property></concept><concept><code value="REL:004"/><display value="Sperm / ovum donor"/><property><code value="parent"/><valueCode value="REL:003"/></property><property><code value="root"/><valueBoolean value="false"/></property><property><code value="deprecated"/><valueBoolean value="false"/></property></concept><concept><code value="REL:005"/><display value="Gestational carrier"/><property><code value="parent"/><valueCode value="REL:003"/></property><property><code value="root"/><valueBoolean value="false"/></property><property><code value="deprecated"/><valueBoolean value="false"/></property></concept><concept><code value="REL:006"/><display value="Surrogate ovum donor"/><property><code value="parent"/><valueCode value="REL:004"/></property><property><code value="parent"/><valueCode value="REL:005"/></property><property><code value="root"/><valueBoolean value="false"/></property><property><code value="deprecated"/><valueBoolean value="false"/></property></concept><concept><code value="REL:007"/><display value="Biological sibling"/><property><code value="parent"/><valueCode value="REL:002"/></property><property><code value="root"/><valueBoolean value="false"/></property><property><code value="deprecated"/><valueBoolean value="false"/></property></concept><concept><code value="REL:008"/><display value="Full sibling"/><property><code value="parent"/><valueCode value="REL:007"/></property><property><code value="root"/><valueBoolean value="false"/></property><property><code value="deprecated"/><valueBoolean value="false"/></property></concept><concept><code value="REL:009"/><display value="Twin"/><property><code value="parent"/><valueCode value="REL:008"/></property><property><code value="root"/><valueBoolean value="false"/></property><property><code value="deprecated"/><valueBoolean value="false"/></property></concept><concept><code value="REL:010"/><display value="Monozygotic twin"/><property><code value="parent"/><valueCode value="REL:009"/></property><property><code value="root"/><valueBoolean value="false"/></property><property><code value="deprecated"/><valueBoolean value="false"/></property></concept><concept><code value="REL:011"/><display value="Polyzygotic twin"/><property><code value="parent"/><valueCode value="REL:009"/></property><property><code value="root"/><valueBoolean value="false"/></property><property><code value="deprecated"/><valueBoolean value="false"/></property></concept><concept><code value="REL:012"/><display value="Half-sibling"/><property><code value="parent"/><valueCode value="REL:007"/></property><property><code value="root"/><valueBoolean value="false"/></property><property><code value="deprecated"/><valueBoolean value="false"/></property></concept><concept><code value="REL:013"/><display value="Uncle"/><property><code value="parent"/><valueCode value="REL:002"/></property><property><code value="root"/><valueBoolean value="false"/></property><property><code value="deprecated"/><valueBoolean value="false"/></property></concept><concept><code value="REL:014"/><display value="Cousin"/><property><code value="parent"/><valueCode value="REL:002"/></property><property><code value="root"/><valueBoolean value="false"/></property><property><code value="deprecated"/><valueBoolean value="false"/></property></concept><concept><code value="REL:015"/><display value="Maternal cousin"/><property><code value="parent"/><valueCode value="REL:014"/></property><property><code value="root"/><valueBoolean value="false"/></property><property><code value="deprecated"/><valueBoolean value="false"/></property></concept><concept><code value="REL:016"/><display value="Paternal cousin"/><property><code value="parent"/><valueCode value="REL:014"/></property><property><code value="root"/><valueBoolean value="false"/></property><property><code value="deprecated"/><valueBoolean value="false"/></property></concept><concept><code value="REL:017"/><display value="Grandparent"/><property><code value="parent"/><valueCode value="REL:002"/></property><property><code value="root"/><valueBoolean value="false"/></property><property><code value="deprecated"/><valueBoolean value="false"/></property></concept><concept><code value="REL:018"/><display value="Great-grandparent"/><property><code value="parent"/><valueCode value="REL:002"/></property><property><code value="root"/><valueBoolean value="false"/></property><property><code value="deprecated"/><valueBoolean value="false"/></property></concept><concept><code value="REL:019"/><display value="Social / legal relative"/><property><code value="parent"/><valueCode value="REL:001"/></property><property><code value="root"/><valueBoolean value="false"/></property><property><code value="deprecated"/><valueBoolean value="false"/></property></concept><concept><code value="REL:020"/><display value="Parent figure"/><property><code value="parent"/><valueCode value="REL:019"/></property><property><code value="root"/><valueBoolean value="false"/></property><property><code value="deprecated"/><valueBoolean value="false"/></property></concept><concept><code value="REL:021"/><display value="Foster parent"/><property><code value="parent"/><valueCode value="REL:020"/></property><property><code value="root"/><valueBoolean value="false"/></property><property><code value="deprecated"/><valueBoolean value="false"/></property></concept><concept><code value="REL:022"/><display value="Adoptive parent"/><property><code value="parent"/><valueCode value="REL:020"/></property><property><code value="root"/><valueBoolean value="false"/></property><property><code value="deprecated"/><valueBoolean value="false"/></property></concept><concept><code value="REL:023"/><display value="Step-parent"/><property><code value="parent"/><valueCode value="REL:020"/></property><property><code value="root"/><valueBoolean value="false"/></property><property><code value="deprecated"/><valueBoolean value="false"/></property></concept><concept><code value="REL:024"/><display value="Sibling figure"/><property><code value="parent"/><valueCode value="REL:019"/></property><property><code value="root"/><valueBoolean value="false"/></property><property><code value="deprecated"/><valueBoolean value="false"/></property></concept><concept><code value="REL:025"/><display value="Step-sibling"/><property><code value="parent"/><valueCode value="REL:024"/></property><property><code value="root"/><valueBoolean value="false"/></property><property><code value="deprecated"/><valueBoolean value="false"/></property></concept><concept><code value="REL:026"/><display value="Significant other"/><property><code value="parent"/><valueCode value="REL:019"/></property><property><code value="root"/><valueBoolean value="false"/></property><property><code value="deprecated"/><valueBoolean value="false"/></property></concept></CodeSystem>