<?xml version="1.0" encoding="UTF-8"?>

<Composition xmlns="http://hl7.org/fhir">
  <id value="pedigree-1-pedigree-example-1"/>
  <meta>
    <profile value="http://ga4gh-cp.github.io/pedigree-fhir-ig/StructureDefinition/Pedigree"/>
  </meta>
  <text>
    <status value="generated"/><div xmlns="http://www.w3.org/1999/xhtml"><p><b>Generated Narrative</b></p><p><b>identifier</b>: id: pedigree-1-1</p><p><b>status</b>: final</p><p><b>type</b>: <span title="Codes: {http://snomed.info/sct 422432008}">Family history section</span></p><p><b>date</b>: 2021-06-15</p><p><b>author</b>: <a href="Organization-pedigree-1-organization-example-1.html">Generated Summary: id: pedigree-1-1; active; <span title="Codes: {http://terminology.hl7.org/CodeSystem/organization-type prov}">Hospital</span>; name: Amazing Children's Hospital</a></p><p><b>title</b>: Pedigree</p></div>
  </text>
  <identifier>
    <system value="urn:pedigree-fhir-ig:unique-string/pedigree"/>
    <value value="pedigree-1-1"/>
  </identifier>
  <status value="final"/>
  <type>
    <coding>
      <system value="http://snomed.info/sct"/>
      <code value="422432008"/>
      <display value="Family history section"/>
    </coding>
  </type>
  <subject>
    <reference value="Patient/pedigree-1-individual-example-1"/>
  </subject>
  <date value="2021-06-15"/>
  <author>
    <reference value="Organization/pedigree-1-organization-example-1"/>
  </author>
  <title value="Pedigree"/>
  <section>
    <title value="Proband"/>
    <code>
      <coding>
        <system value="http://ga4gh-cp.github.io/pedigree-fhir-ig/CodeSystem/SectionType"/>
        <code value="proband"/>
      </coding>
    </code>
    <entry>
      <reference value="Patient/pedigree-1-individual-example-1"/>
    </entry>
  </section>
  <section>
    <title value="Reason"/>
    <code>
      <coding>
        <system value="http://ga4gh-cp.github.io/pedigree-fhir-ig/CodeSystem/SectionType"/>
        <code value="reason"/>
      </coding>
    </code>
    <entry>
      <reference value="Condition/pedigree-1-condition-example-1"/>
    </entry>
  </section>
  <section>
    <title value="Individuals"/>
    <code>
      <coding>
        <system value="http://ga4gh-cp.github.io/pedigree-fhir-ig/CodeSystem/SectionType"/>
        <code value="individuals"/>
      </coding>
    </code>
    <entry>
      <reference value="Patient/pedigree-1-individual-example-1"/>
    </entry>
    <entry>
      <reference value="Patient/pedigree-1-individual-example-2"/>
    </entry>
    <entry>
      <reference value="Patient/pedigree-1-individual-example-3"/>
    </entry>
    <entry>
      <reference value="Patient/pedigree-1-individual-example-4"/>
    </entry>
    <entry>
      <reference value="Patient/pedigree-1-individual-example-5"/>
    </entry>
    <entry>
      <reference value="Patient/pedigree-1-individual-example-6"/>
    </entry>
    <entry>
      <reference value="Patient/pedigree-1-individual-example-7"/>
    </entry>
    <entry>
      <reference value="Patient/pedigree-1-individual-example-8"/>
    </entry>
    <entry>
      <reference value="Patient/pedigree-1-individual-example-9"/>
    </entry>
    <entry>
      <reference value="Patient/pedigree-1-individual-example-10"/>
    </entry>
    <entry>
      <reference value="Patient/pedigree-1-individual-example-11"/>
    </entry>
    <entry>
      <reference value="Patient/pedigree-1-individual-example-12"/>
    </entry>
    <entry>
      <reference value="Patient/pedigree-1-individual-example-13"/>
    </entry>
  </section>
  <section>
    <title value="Relationships"/>
    <code>
      <coding>
        <system value="http://ga4gh-cp.github.io/pedigree-fhir-ig/CodeSystem/SectionType"/>
        <code value="relationships"/>
      </coding>
    </code>
    <entry>
      <reference value="FamilyMemberHistory/pedigree-1-relationship-example-1"/>
    </entry>
    <entry>
      <reference value="FamilyMemberHistory/pedigree-1-relationship-example-2"/>
    </entry>
    <entry>
      <reference value="FamilyMemberHistory/pedigree-1-relationship-example-3"/>
    </entry>
    <entry>
      <reference value="FamilyMemberHistory/pedigree-1-relationship-example-4"/>
    </entry>
    <entry>
      <reference value="FamilyMemberHistory/pedigree-1-relationship-example-5"/>
    </entry>
    <entry>
      <reference value="FamilyMemberHistory/pedigree-1-relationship-example-6"/>
    </entry>
    <entry>
      <reference value="FamilyMemberHistory/pedigree-1-relationship-example-7"/>
    </entry>
    <entry>
      <reference value="FamilyMemberHistory/pedigree-1-relationship-example-8"/>
    </entry>
    <entry>
      <reference value="FamilyMemberHistory/pedigree-1-relationship-example-9"/>
    </entry>
    <entry>
      <reference value="FamilyMemberHistory/pedigree-1-relationship-example-10"/>
    </entry>
    <entry>
      <reference value="FamilyMemberHistory/pedigree-1-relationship-example-11"/>
    </entry>
    <entry>
      <reference value="FamilyMemberHistory/pedigree-1-relationship-example-12"/>
    </entry>
    <entry>
      <reference value="FamilyMemberHistory/pedigree-1-relationship-example-13"/>
    </entry>
    <entry>
      <reference value="FamilyMemberHistory/pedigree-1-relationship-example-14"/>
    </entry>
    <entry>
      <reference value="FamilyMemberHistory/pedigree-1-relationship-example-15"/>
    </entry>
    <entry>
      <reference value="FamilyMemberHistory/pedigree-1-relationship-example-16"/>
    </entry>
  </section>
</Composition>