{
  "resourceType": "Condition",
  "id": "BartsCondition",
  "text": {
    "status": "generated",
    "div": "<div xmlns=\"http://www.w3.org/1999/xhtml\"><p><b>Generated Narrative</b></p><div style=\"display: inline-block; background-color: #d9e0e7; padding: 6px; margin: 4px; border: 1px solid #8da1b4; border-radius: 5px; line-height: 60%\"><p style=\"margin-bottom: 0px\">Resource \"BartsCondition\" </p></div><p><b>code</b>: Attention deficit hyperactivity disorder <span style=\"background: LightGoldenRodYellow; margin: 4px; border: 1px solid khaki\"> (<a href=\"https://browser.ihtsdotools.org/\">SNOMED CT</a>#406506008)</span></p><p><b>subject</b>: <a href=\"Patient-Bart.html\">Patient/Bart</a></p></div>"
  },
  "code": {
    "coding": [
      {
        "system": "http://snomed.info/sct",
        "code": "406506008"
      }
    ]
  },
  "subject": {
    "reference": "Patient/Bart"
  }
}