<?xml version="1.0" encoding="UTF-8"?>

<Condition xmlns="http://hl7.org/fhir">
  <id value="ProbandCondition"/>
  <text>
    <status value="generated"/><div xmlns="http://www.w3.org/1999/xhtml"><p><b>Generated Narrative</b></p><div style="display: inline-block; background-color: #d9e0e7; padding: 6px; margin: 4px; border: 1px solid #8da1b4; border-radius: 5px; line-height: 60%"><p style="margin-bottom: 0px">Resource "ProbandCondition" </p></div><p><b>code</b>: Progressive gait ataxia <span style="background: LightGoldenRodYellow; margin: 4px; border: 1px solid khaki"> (hp.fhir#HP:0007240)</span></p><p><b>subject</b>: <a href="Patient-Proband.html">Patient/Proband</a></p></div>
  </text>
  <code>
    <coding>
      <system value="http://purl.obolibrary.org/obo/hp.fhir"/>
      <code value="HP:0007240"/>
    </coding>
  </code>
  <subject>
    <reference value="Patient/Proband"/>
  </subject>
</Condition>