{
  "resourceType": "Condition",
  "id": "FatherFirstCondition",
  "text": {
    "status": "generated",
    "div": "<div xmlns=\"http://www.w3.org/1999/xhtml\"><p><b>Generated Narrative</b></p><div style=\"display: inline-block; background-color: #d9e0e7; padding: 6px; margin: 4px; border: 1px solid #8da1b4; border-radius: 5px; line-height: 60%\"><p style=\"margin-bottom: 0px\">Resource \"FatherFirstCondition\" </p></div><p><b>code</b>: Cardiomegaly <span style=\"background: LightGoldenRodYellow; margin: 4px; border: 1px solid khaki\"> (hp.fhir#HP:0001640)</span></p><p><b>subject</b>: <a href=\"Patient-Father.html\">Patient/Father</a></p></div>"
  },
  "code": {
    "coding": [
      {
        "system": "http://purl.obolibrary.org/obo/hp.fhir",
        "code": "HP:0001640"
      }
    ]
  },
  "subject": {
    "reference": "Patient/Father"
  }
}