{
  "resourceType": "Condition",
  "id": "pedigree-1-condition-example-1",
  "text": {
    "status": "generated",
    "div": "<div xmlns=\"http://www.w3.org/1999/xhtml\"><p><b>Generated Narrative</b></p><p><b>identifier</b>: id: pedigree-1-1</p><p><b>clinicalStatus</b>: <span title=\"Codes: {http://terminology.hl7.org/CodeSystem/condition-clinical recurrence}\">Recurrence</span></p><p><b>verificationStatus</b>: <span title=\"Codes: {http://terminology.hl7.org/CodeSystem/condition-ver-status confirmed}\">Confirmed</span></p><p><b>code</b>: <span title=\"Codes: {http://purl.obolibrary.org/obo/hp.fhir HP:0003002}\">Recurrent breast cancer</span></p><p><b>bodySite</b>: <span title=\"Codes: {http://purl.obolibrary.org/obo/uberon.owl UBERON:0000310}\">Breast</span></p><p><b>subject</b>: <a href=\"Patient-pedigree-1-individual-example-1.html\">Generated Summary: id: pedigree-1-1; gender: female; birthDate: 2019-06-15</a></p></div>"
  },
  "identifier": [
    {
      "system": "urn:pedigree-fhir-ig:unique-string/condition",
      "value": "pedigree-1-1"
    }
  ],
  "clinicalStatus": {
    "coding": [
      {
        "system": "http://terminology.hl7.org/CodeSystem/condition-clinical",
        "code": "recurrence",
        "display": "Recurrence"
      }
    ]
  },
  "verificationStatus": {
    "coding": [
      {
        "system": "http://terminology.hl7.org/CodeSystem/condition-ver-status",
        "code": "confirmed",
        "display": "Confirmed"
      }
    ]
  },
  "code": {
    "coding": [
      {
        "system": "http://purl.obolibrary.org/obo/hp.fhir",
        "code": "HP:0003002",
        "display": "Breast carcinoma"
      }
    ],
    "text": "Recurrent breast cancer"
  },
  "bodySite": [
    {
      "coding": [
        {
          "system": "http://purl.obolibrary.org/obo/uberon.owl",
          "code": "UBERON:0000310",
          "display": "breast"
        }
      ],
      "text": "Breast"
    }
  ],
  "subject": {
    "reference": "Patient/pedigree-1-individual-example-1"
  }
}