{
  "resourceType" : "Bundle",
  "id" : "6be29f84-cdff-4045-b55d-82b53b883852",
  "meta" : {
    "lastUpdated" : "2021-06-23T22:50:15.331+00:00"
  },
  "type" : "collection",
  "entry" : [{
    "fullUrl" : "http://purl.org/ga4gh/pedigree-fhir-ig/ValueSet/PedigreeRelationshipTypes",
    "resource" : {
      "resourceType" : "ValueSet",
      "id" : "PedigreeRelationshipTypes",
      "text" : {
        "status" : "generated",
        "div" : "<div xmlns=\"http://www.w3.org/1999/xhtml\"><p>This value set contains 41 concepts</p><p style=\"border: black 1px dotted; background-color: #EEEEEE; padding: 8px; margin-bottom: 8px\">Expansion based on http://purl.org/ga4gh/rel.fhir version 20210528</p><p>All codes from system <code>http://purl.org/ga4gh/rel.fhir</code></p><table class=\"codes\"><tr><td style=\"white-space:nowrap\"><b>Code</b></td><td><b>Display</b></td></tr><tr><td style=\"white-space:nowrap\"><a name=\"http---purl.org-ga4gh-rel.fhir-REL-022\"> </a>REL:022</td><td>adoptive parent</td></tr><tr><td style=\"white-space:nowrap\"><a name=\"http---purl.org-ga4gh-rel.fhir-REL-032\"> </a>REL:032</td><td>biological child</td></tr><tr><td style=\"white-space:nowrap\"><a name=\"http---purl.org-ga4gh-rel.fhir-REL-028\"> </a>REL:028</td><td>biological father</td></tr><tr><td style=\"white-space:nowrap\"><a name=\"http---purl.org-ga4gh-rel.fhir-REL-027\"> </a>REL:027</td><td>biological mother</td></tr><tr><td style=\"white-space:nowrap\"><a name=\"http---purl.org-ga4gh-rel.fhir-REL-003\"> </a>REL:003</td><td>biological parent</td></tr><tr><td style=\"white-space:nowrap\"><a name=\"http---purl.org-ga4gh-rel.fhir-REL-002\"> </a>REL:002</td><td>biological relative</td></tr><tr><td style=\"white-space:nowrap\"><a name=\"http---purl.org-ga4gh-rel.fhir-REL-007\"> </a>REL:007</td><td>biological sibling</td></tr><tr><td style=\"white-space:nowrap\"><a name=\"http---purl.org-ga4gh-rel.fhir-REL-030\"> </a>REL:030</td><td>consanguineous partner</td></tr><tr><td style=\"white-space:nowrap\"><a name=\"http---purl.org-ga4gh-rel.fhir-REL-014\"> </a>REL:014</td><td>cousin</td></tr><tr><td style=\"white-space:nowrap\"><a name=\"http---purl.org-ga4gh-rel.fhir-REL-999\"> </a>REL:999</td><td>Domain Entity</td></tr><tr><td style=\"white-space:nowrap\"><a name=\"http---purl.org-ga4gh-rel.fhir-REL-995\"> </a>REL:995</td><td>Female</td></tr><tr><td style=\"white-space:nowrap\"><a name=\"http---purl.org-ga4gh-rel.fhir-REL-021\"> </a>REL:021</td><td>foster parent</td></tr><tr><td style=\"white-space:nowrap\"><a name=\"http---purl.org-ga4gh-rel.fhir-REL-008\"> </a>REL:008</td><td>full sibling</td></tr><tr><td style=\"white-space:nowrap\"><a name=\"http---purl.org-ga4gh-rel.fhir-REL-005\"> </a>REL:005</td><td>gestational carrier</td></tr><tr><td style=\"white-space:nowrap\"><a name=\"http---purl.org-ga4gh-rel.fhir-REL-017\"> </a>REL:017</td><td>grandparent</td></tr><tr><td style=\"white-space:nowrap\"><a name=\"http---purl.org-ga4gh-rel.fhir-REL-018\"> </a>REL:018</td><td>great-grandparent</td></tr><tr><td style=\"white-space:nowrap\"><a name=\"http---purl.org-ga4gh-rel.fhir-REL-012\"> </a>REL:012</td><td>half-sibling</td></tr><tr><td style=\"white-space:nowrap\"><a name=\"http---purl.org-ga4gh-rel.fhir-REL-031\"> </a>REL:031</td><td>hasSex</td></tr><tr><td style=\"white-space:nowrap\"><a name=\"http---purl.org-ga4gh-rel.fhir-REL-996\"> </a>REL:996</td><td>Male</td></tr><tr><td style=\"white-space:nowrap\"><a name=\"http---purl.org-ga4gh-rel.fhir-REL-994\"> </a>REL:994</td><td>Man</td></tr><tr><td style=\"white-space:nowrap\"><a name=\"http---purl.org-ga4gh-rel.fhir-REL-015\"> </a>REL:015</td><td>maternal cousin</td></tr><tr><td style=\"white-space:nowrap\"><a name=\"http---purl.org-ga4gh-rel.fhir-REL-029\"> </a>REL:029</td><td>mitochondrial donor</td></tr><tr><td style=\"white-space:nowrap\"><a name=\"http---purl.org-ga4gh-rel.fhir-REL-010\"> </a>REL:010</td><td>monozygotic twin</td></tr><tr><td style=\"white-space:nowrap\"><a name=\"http---purl.org-ga4gh-rel.fhir-REL-020\"> </a>REL:020</td><td>parent figure</td></tr><tr><td style=\"white-space:nowrap\"><a name=\"http---purl.org-ga4gh-rel.fhir-REL-013\"> </a>REL:013</td><td>parental-sibling</td></tr><tr><td style=\"white-space:nowrap\"><a name=\"http---purl.org-ga4gh-rel.fhir-REL-026\"> </a>REL:026</td><td>partner</td></tr><tr><td style=\"white-space:nowrap\"><a name=\"http---purl.org-ga4gh-rel.fhir-REL-016\"> </a>REL:016</td><td>paternal cousin</td></tr><tr><td style=\"white-space:nowrap\"><a name=\"http---purl.org-ga4gh-rel.fhir-REL-998\"> </a>REL:998</td><td>Person</td></tr><tr><td style=\"white-space:nowrap\"><a name=\"http---purl.org-ga4gh-rel.fhir-REL-011\"> </a>REL:011</td><td>polyzygotic twin</td></tr><tr><td style=\"white-space:nowrap\"><a name=\"http---purl.org-ga4gh-rel.fhir-REL-001\"> </a>REL:001</td><td>relative</td></tr><tr><td style=\"white-space:nowrap\"><a name=\"http---purl.org-ga4gh-rel.fhir-REL-997\"> </a>REL:997</td><td>Sex</td></tr><tr><td style=\"white-space:nowrap\"><a name=\"http---purl.org-ga4gh-rel.fhir-REL-024\"> </a>REL:024</td><td>sibling figure</td></tr><tr><td style=\"white-space:nowrap\"><a name=\"http---purl.org-ga4gh-rel.fhir-REL-019\"> </a>REL:019</td><td>social/legal relative</td></tr><tr><td style=\"white-space:nowrap\"><a name=\"http---purl.org-ga4gh-rel.fhir-REL-004\"> </a>REL:004</td><td>sperm/ovum donor</td></tr><tr><td style=\"white-space:nowrap\"><a name=\"http---purl.org-ga4gh-rel.fhir-REL-023\"> </a>REL:023</td><td>step parent</td></tr><tr><td style=\"white-space:nowrap\"><a name=\"http---purl.org-ga4gh-rel.fhir-REL-025\"> </a>REL:025</td><td>step-sibling</td></tr><tr><td style=\"white-space:nowrap\"><a name=\"http---purl.org-ga4gh-rel.fhir-REL-006\"> </a>REL:006</td><td>surrogate ovum donor</td></tr><tr><td style=\"white-space:nowrap\"><a name=\"http---purl.org-ga4gh-rel.fhir-Thing\"> </a>Thing</td><td>Thing</td></tr><tr><td style=\"white-space:nowrap\"><a name=\"http---purl.org-ga4gh-rel.fhir-topObjectProperty\"> </a>topObjectProperty</td><td>topObjectProperty</td></tr><tr><td style=\"white-space:nowrap\"><a name=\"http---purl.org-ga4gh-rel.fhir-REL-009\"> </a>REL:009</td><td>twin</td></tr><tr><td style=\"white-space:nowrap\"><a name=\"http---purl.org-ga4gh-rel.fhir-REL-993\"> </a>REL:993</td><td>Woman</td></tr></table></div>"
      },
      "url" : "http://purl.org/ga4gh/pedigree-fhir-ig/ValueSet/PedigreeRelationshipTypes",
      "version" : "0.1.0",
      "name" : "PedigreeRelationshipTypes",
      "title" : "Pedigree Relationship Types",
      "status" : "active",
      "date" : "2021-06-23T22:50:15+00:00",
      "publisher" : "Global Alliance for Genomics and Health - Clinical and Phenotypic Data Capture Work Stream",
      "contact" : [{
        "name" : "Global Alliance for Genomics and Health - Clinical and Phenotypic Data Capture Work Stream",
        "telecom" : [{
          "system" : "url",
          "value" : "https://www.ga4gh.org/work_stream/clinical-phenotypic-data-capture-2/"
        }]
      }],
      "description" : "The types of relationships between individuals in a pedigree.",
      "copyright" : "[Global Alliance for Genomics and Health](https://www.ga4gh.org)",
      "expansion" : {
        "identifier" : "urn:uuid:693ea65d-e689-4ffc-b4da-3fb7ed4e92c2",
        "timestamp" : "2021-06-23T22:50:33+00:00",
        "total" : 41,
        "parameter" : [{
          "name" : "excludeNested",
          "valueBoolean" : false
        },
        {
          "name" : "version",
          "valueUri" : "http://purl.org/ga4gh/rel.fhir|20210528"
        },
        {
          "name" : "count",
          "valueInteger" : 2147483647
        },
        {
          "name" : "offset",
          "valueInteger" : 0
        }],
        "contains" : [{
          "system" : "http://purl.org/ga4gh/rel.fhir",
          "code" : "REL:022",
          "display" : "adoptive parent"
        },
        {
          "system" : "http://purl.org/ga4gh/rel.fhir",
          "code" : "REL:032",
          "display" : "biological child"
        },
        {
          "system" : "http://purl.org/ga4gh/rel.fhir",
          "code" : "REL:028",
          "display" : "biological father"
        },
        {
          "system" : "http://purl.org/ga4gh/rel.fhir",
          "code" : "REL:027",
          "display" : "biological mother"
        },
        {
          "system" : "http://purl.org/ga4gh/rel.fhir",
          "code" : "REL:003",
          "display" : "biological parent"
        },
        {
          "system" : "http://purl.org/ga4gh/rel.fhir",
          "code" : "REL:002",
          "display" : "biological relative"
        },
        {
          "system" : "http://purl.org/ga4gh/rel.fhir",
          "code" : "REL:007",
          "display" : "biological sibling"
        },
        {
          "system" : "http://purl.org/ga4gh/rel.fhir",
          "code" : "REL:030",
          "display" : "consanguineous partner"
        },
        {
          "system" : "http://purl.org/ga4gh/rel.fhir",
          "code" : "REL:014",
          "display" : "cousin"
        },
        {
          "system" : "http://purl.org/ga4gh/rel.fhir",
          "code" : "REL:999",
          "display" : "Domain Entity"
        },
        {
          "system" : "http://purl.org/ga4gh/rel.fhir",
          "code" : "REL:995",
          "display" : "Female"
        },
        {
          "system" : "http://purl.org/ga4gh/rel.fhir",
          "code" : "REL:021",
          "display" : "foster parent"
        },
        {
          "system" : "http://purl.org/ga4gh/rel.fhir",
          "code" : "REL:008",
          "display" : "full sibling"
        },
        {
          "system" : "http://purl.org/ga4gh/rel.fhir",
          "code" : "REL:005",
          "display" : "gestational carrier"
        },
        {
          "system" : "http://purl.org/ga4gh/rel.fhir",
          "code" : "REL:017",
          "display" : "grandparent"
        },
        {
          "system" : "http://purl.org/ga4gh/rel.fhir",
          "code" : "REL:018",
          "display" : "great-grandparent"
        },
        {
          "system" : "http://purl.org/ga4gh/rel.fhir",
          "code" : "REL:012",
          "display" : "half-sibling"
        },
        {
          "system" : "http://purl.org/ga4gh/rel.fhir",
          "code" : "REL:031",
          "display" : "hasSex"
        },
        {
          "system" : "http://purl.org/ga4gh/rel.fhir",
          "code" : "REL:996",
          "display" : "Male"
        },
        {
          "system" : "http://purl.org/ga4gh/rel.fhir",
          "code" : "REL:994",
          "display" : "Man"
        },
        {
          "system" : "http://purl.org/ga4gh/rel.fhir",
          "code" : "REL:015",
          "display" : "maternal cousin"
        },
        {
          "system" : "http://purl.org/ga4gh/rel.fhir",
          "code" : "REL:029",
          "display" : "mitochondrial donor"
        },
        {
          "system" : "http://purl.org/ga4gh/rel.fhir",
          "code" : "REL:010",
          "display" : "monozygotic twin"
        },
        {
          "system" : "http://purl.org/ga4gh/rel.fhir",
          "code" : "REL:020",
          "display" : "parent figure"
        },
        {
          "system" : "http://purl.org/ga4gh/rel.fhir",
          "code" : "REL:013",
          "display" : "parental-sibling"
        },
        {
          "system" : "http://purl.org/ga4gh/rel.fhir",
          "code" : "REL:026",
          "display" : "partner"
        },
        {
          "system" : "http://purl.org/ga4gh/rel.fhir",
          "code" : "REL:016",
          "display" : "paternal cousin"
        },
        {
          "system" : "http://purl.org/ga4gh/rel.fhir",
          "code" : "REL:998",
          "display" : "Person"
        },
        {
          "system" : "http://purl.org/ga4gh/rel.fhir",
          "code" : "REL:011",
          "display" : "polyzygotic twin"
        },
        {
          "system" : "http://purl.org/ga4gh/rel.fhir",
          "code" : "REL:001",
          "display" : "relative"
        },
        {
          "system" : "http://purl.org/ga4gh/rel.fhir",
          "code" : "REL:997",
          "display" : "Sex"
        },
        {
          "system" : "http://purl.org/ga4gh/rel.fhir",
          "code" : "REL:024",
          "display" : "sibling figure"
        },
        {
          "system" : "http://purl.org/ga4gh/rel.fhir",
          "code" : "REL:019",
          "display" : "social/legal relative"
        },
        {
          "system" : "http://purl.org/ga4gh/rel.fhir",
          "code" : "REL:004",
          "display" : "sperm/ovum donor"
        },
        {
          "system" : "http://purl.org/ga4gh/rel.fhir",
          "code" : "REL:023",
          "display" : "step parent"
        },
        {
          "system" : "http://purl.org/ga4gh/rel.fhir",
          "code" : "REL:025",
          "display" : "step-sibling"
        },
        {
          "system" : "http://purl.org/ga4gh/rel.fhir",
          "code" : "REL:006",
          "display" : "surrogate ovum donor"
        },
        {
          "system" : "http://purl.org/ga4gh/rel.fhir",
          "code" : "Thing",
          "display" : "Thing"
        },
        {
          "system" : "http://purl.org/ga4gh/rel.fhir",
          "code" : "topObjectProperty",
          "display" : "topObjectProperty"
        },
        {
          "system" : "http://purl.org/ga4gh/rel.fhir",
          "code" : "REL:009",
          "display" : "twin"
        },
        {
          "system" : "http://purl.org/ga4gh/rel.fhir",
          "code" : "REL:993",
          "display" : "Woman"
        }]
      }
    }
  }]
}