<?xml version="1.0" encoding="UTF-8"?>

<Bundle xmlns="http://hl7.org/fhir">
  <id value="8376df44-4120-4e2d-8946-5d84fcfbd772"/>
  <meta>
    <lastUpdated value="2021-10-11T05:19:03.410+00:00"/>
  </meta>
  <type value="collection"/>
  <entry>
    <fullUrl value="http://purl.org/ga4gh/pedigree-fhir-ig/ValueSet/PedigreeRelationshipTypes"/>
    <resource>
      <ValueSet>
        <id value="PedigreeRelationshipTypes"/>
        <text>
          <status value="generated"/>
          <div xmlns="http://www.w3.org/1999/xhtml">
            <p>This value set contains 55 concepts</p>
            <p style="border: black 1px dotted; background-color: #EEEEEE; padding: 8px; margin-bottom: 8px">Expansion based on 
              <a href="CodeSystem-kin.html">Family History Relations Ontology v0.1.0 (CodeSystem)</a>
            </p>
            <p>All codes in this table are from the system 
              <a href="CodeSystem-kin.html">
                <code>http://purl.org/ga4gh/kin.fhir</code>
              </a>
            </p>
            <table class="codes">
              <tr>
                <td style="white-space:nowrap">
                  <b>Code</b>
                </td>
                <td>
                  <b>Display</b>
                </td>
                <td>
                  <b>Definition</b>
                </td>
              </tr>
              <tr>
                <td style="white-space:nowrap">
                  <a name="http---purl.org-ga4gh-kin.fhir-KIN-994"> </a>
                  <a href="CodeSystem-kin.html#kin-KIN.58994">KIN:994</a>
                </td>
                <td>Man</td>
                <td/>
              </tr>
              <tr>
                <td style="white-space:nowrap">
                  <a name="http---purl.org-ga4gh-kin.fhir-KIN-993"> </a>
                  <a href="CodeSystem-kin.html#kin-KIN.58993">KIN:993</a>
                </td>
                <td>Woman</td>
                <td/>
              </tr>
              <tr>
                <td style="white-space:nowrap">
                  <a name="http---purl.org-ga4gh-kin.fhir-KIN-996"> </a>
                  <a href="CodeSystem-kin.html#kin-KIN.58996">KIN:996</a>
                </td>
                <td>Male</td>
                <td/>
              </tr>
              <tr>
                <td style="white-space:nowrap">
                  <a name="http---purl.org-ga4gh-kin.fhir-KIN-995"> </a>
                  <a href="CodeSystem-kin.html#kin-KIN.58995">KIN:995</a>
                </td>
                <td>Female</td>
                <td/>
              </tr>
              <tr>
                <td style="white-space:nowrap">
                  <a name="http---purl.org-ga4gh-kin.fhir-KIN-998"> </a>
                  <a href="CodeSystem-kin.html#kin-KIN.58998">KIN:998</a>
                </td>
                <td>Person</td>
                <td/>
              </tr>
              <tr>
                <td style="white-space:nowrap">
                  <a name="http---purl.org-ga4gh-kin.fhir-KIN-997"> </a>
                  <a href="CodeSystem-kin.html#kin-KIN.58997">KIN:997</a>
                </td>
                <td>Sex</td>
                <td/>
              </tr>
              <tr>
                <td style="white-space:nowrap">
                  <a name="http---purl.org-ga4gh-kin.fhir-KIN-999"> </a>
                  <a href="CodeSystem-kin.html#kin-KIN.58999">KIN:999</a>
                </td>
                <td>Domain Entity</td>
                <td/>
              </tr>
              <tr>
                <td style="white-space:nowrap">
                  <a name="http---purl.org-ga4gh-kin.fhir-Thing"> </a>
                  <a href="CodeSystem-kin.html#kin-Thing">Thing</a>
                </td>
                <td>Thing</td>
                <td/>
              </tr>
              <tr>
                <td style="white-space:nowrap">
                  <a name="http---purl.org-ga4gh-kin.fhir-KIN-001"> </a>
                  <a href="CodeSystem-kin.html#kin-KIN.58001">KIN:001</a>
                </td>
                <td>isRelative</td>
                <td/>
              </tr>
              <tr>
                <td style="white-space:nowrap">
                  <a name="http---purl.org-ga4gh-kin.fhir-KIN-002"> </a>
                  <a href="CodeSystem-kin.html#kin-KIN.58002">KIN:002</a>
                </td>
                <td>isBiologicalRelative</td>
                <td/>
              </tr>
              <tr>
                <td style="white-space:nowrap">
                  <a name="http---purl.org-ga4gh-kin.fhir-KIN-003"> </a>
                  <a href="CodeSystem-kin.html#kin-KIN.58003">KIN:003</a>
                </td>
                <td>isBiologicalParent</td>
                <td/>
              </tr>
              <tr>
                <td style="white-space:nowrap">
                  <a name="http---purl.org-ga4gh-kin.fhir-KIN-004"> </a>
                  <a href="CodeSystem-kin.html#kin-KIN.58004">KIN:004</a>
                </td>
                <td>isSpermDonor</td>
                <td/>
              </tr>
              <tr>
                <td style="white-space:nowrap">
                  <a name="http---purl.org-ga4gh-kin.fhir-KIN-005"> </a>
                  <a href="CodeSystem-kin.html#kin-KIN.58005">KIN:005</a>
                </td>
                <td>isGestationalCarrier</td>
                <td/>
              </tr>
              <tr>
                <td style="white-space:nowrap">
                  <a name="http---purl.org-ga4gh-kin.fhir-KIN-006"> </a>
                  <a href="CodeSystem-kin.html#kin-KIN.58006">KIN:006</a>
                </td>
                <td>isSurrogateOvumDonor</td>
                <td/>
              </tr>
              <tr>
                <td style="white-space:nowrap">
                  <a name="http---purl.org-ga4gh-kin.fhir-KIN-007"> </a>
                  <a href="CodeSystem-kin.html#kin-KIN.58007">KIN:007</a>
                </td>
                <td>isBiologicalSibling</td>
                <td/>
              </tr>
              <tr>
                <td style="white-space:nowrap">
                  <a name="http---purl.org-ga4gh-kin.fhir-KIN-008"> </a>
                  <a href="CodeSystem-kin.html#kin-KIN.58008">KIN:008</a>
                </td>
                <td>isFullsibling</td>
                <td/>
              </tr>
              <tr>
                <td style="white-space:nowrap">
                  <a name="http---purl.org-ga4gh-kin.fhir-KIN-009"> </a>
                  <a href="CodeSystem-kin.html#kin-KIN.58009">KIN:009</a>
                </td>
                <td>isTwin</td>
                <td/>
              </tr>
              <tr>
                <td style="white-space:nowrap">
                  <a name="http---purl.org-ga4gh-kin.fhir-KIN-010"> </a>
                  <a href="CodeSystem-kin.html#kin-KIN.58010">KIN:010</a>
                </td>
                <td>isMonozygoticTwin</td>
                <td/>
              </tr>
              <tr>
                <td style="white-space:nowrap">
                  <a name="http---purl.org-ga4gh-kin.fhir-KIN-011"> </a>
                  <a href="CodeSystem-kin.html#kin-KIN.58011">KIN:011</a>
                </td>
                <td>isPolyzygoticTwin</td>
                <td/>
              </tr>
              <tr>
                <td style="white-space:nowrap">
                  <a name="http---purl.org-ga4gh-kin.fhir-KIN-012"> </a>
                  <a href="CodeSystem-kin.html#kin-KIN.58012">KIN:012</a>
                </td>
                <td>isHalfSibling</td>
                <td/>
              </tr>
              <tr>
                <td style="white-space:nowrap">
                  <a name="http---purl.org-ga4gh-kin.fhir-KIN-013"> </a>
                  <a href="CodeSystem-kin.html#kin-KIN.58013">KIN:013</a>
                </td>
                <td>isParentalSibling</td>
                <td/>
              </tr>
              <tr>
                <td style="white-space:nowrap">
                  <a name="http---purl.org-ga4gh-kin.fhir-KIN-014"> </a>
                  <a href="CodeSystem-kin.html#kin-KIN.58014">KIN:014</a>
                </td>
                <td>isCousin</td>
                <td/>
              </tr>
              <tr>
                <td style="white-space:nowrap">
                  <a name="http---purl.org-ga4gh-kin.fhir-KIN-015"> </a>
                  <a href="CodeSystem-kin.html#kin-KIN.58015">KIN:015</a>
                </td>
                <td>isMaternalCousin</td>
                <td/>
              </tr>
              <tr>
                <td style="white-space:nowrap">
                  <a name="http---purl.org-ga4gh-kin.fhir-KIN-016"> </a>
                  <a href="CodeSystem-kin.html#kin-KIN.58016">KIN:016</a>
                </td>
                <td>isPaternalCousin</td>
                <td/>
              </tr>
              <tr>
                <td style="white-space:nowrap">
                  <a name="http---purl.org-ga4gh-kin.fhir-KIN-017"> </a>
                  <a href="CodeSystem-kin.html#kin-KIN.58017">KIN:017</a>
                </td>
                <td>isGrandparent</td>
                <td/>
              </tr>
              <tr>
                <td style="white-space:nowrap">
                  <a name="http---purl.org-ga4gh-kin.fhir-KIN-018"> </a>
                  <a href="CodeSystem-kin.html#kin-KIN.58018">KIN:018</a>
                </td>
                <td>isGreatGrandparent</td>
                <td/>
              </tr>
              <tr>
                <td style="white-space:nowrap">
                  <a name="http---purl.org-ga4gh-kin.fhir-KIN-019"> </a>
                  <a href="CodeSystem-kin.html#kin-KIN.58019">KIN:019</a>
                </td>
                <td>isSocialLegalRelative</td>
                <td/>
              </tr>
              <tr>
                <td style="white-space:nowrap">
                  <a name="http---purl.org-ga4gh-kin.fhir-KIN-020"> </a>
                  <a href="CodeSystem-kin.html#kin-KIN.58020">KIN:020</a>
                </td>
                <td>isParentFigure</td>
                <td/>
              </tr>
              <tr>
                <td style="white-space:nowrap">
                  <a name="http---purl.org-ga4gh-kin.fhir-KIN-021"> </a>
                  <a href="CodeSystem-kin.html#kin-KIN.58021">KIN:021</a>
                </td>
                <td>isFosterParent</td>
                <td/>
              </tr>
              <tr>
                <td style="white-space:nowrap">
                  <a name="http---purl.org-ga4gh-kin.fhir-KIN-022"> </a>
                  <a href="CodeSystem-kin.html#kin-KIN.58022">KIN:022</a>
                </td>
                <td>isAdoptiveParent</td>
                <td/>
              </tr>
              <tr>
                <td style="white-space:nowrap">
                  <a name="http---purl.org-ga4gh-kin.fhir-KIN-023"> </a>
                  <a href="CodeSystem-kin.html#kin-KIN.58023">KIN:023</a>
                </td>
                <td>isStepParent</td>
                <td/>
              </tr>
              <tr>
                <td style="white-space:nowrap">
                  <a name="http---purl.org-ga4gh-kin.fhir-KIN-024"> </a>
                  <a href="CodeSystem-kin.html#kin-KIN.58024">KIN:024</a>
                </td>
                <td>isSiblingFigure</td>
                <td/>
              </tr>
              <tr>
                <td style="white-space:nowrap">
                  <a name="http---purl.org-ga4gh-kin.fhir-KIN-025"> </a>
                  <a href="CodeSystem-kin.html#kin-KIN.58025">KIN:025</a>
                </td>
                <td>isStepSibling</td>
                <td/>
              </tr>
              <tr>
                <td style="white-space:nowrap">
                  <a name="http---purl.org-ga4gh-kin.fhir-KIN-026"> </a>
                  <a href="CodeSystem-kin.html#kin-KIN.58026">KIN:026</a>
                </td>
                <td>isPartner</td>
                <td/>
              </tr>
              <tr>
                <td style="white-space:nowrap">
                  <a name="http---purl.org-ga4gh-kin.fhir-KIN-027"> </a>
                  <a href="CodeSystem-kin.html#kin-KIN.58027">KIN:027</a>
                </td>
                <td>isBiologicalMother</td>
                <td/>
              </tr>
              <tr>
                <td style="white-space:nowrap">
                  <a name="http---purl.org-ga4gh-kin.fhir-KIN-028"> </a>
                  <a href="CodeSystem-kin.html#kin-KIN.58028">KIN:028</a>
                </td>
                <td>isBiologicalFather</td>
                <td/>
              </tr>
              <tr>
                <td style="white-space:nowrap">
                  <a name="http---purl.org-ga4gh-kin.fhir-KIN-029"> </a>
                  <a href="CodeSystem-kin.html#kin-KIN.58029">KIN:029</a>
                </td>
                <td>isMitochondrialDonor</td>
                <td/>
              </tr>
              <tr>
                <td style="white-space:nowrap">
                  <a name="http---purl.org-ga4gh-kin.fhir-KIN-030"> </a>
                  <a href="CodeSystem-kin.html#kin-KIN.58030">KIN:030</a>
                </td>
                <td>isConsanguineousPartner</td>
                <td/>
              </tr>
              <tr>
                <td style="white-space:nowrap">
                  <a name="http---purl.org-ga4gh-kin.fhir-KIN-031"> </a>
                  <a href="CodeSystem-kin.html#kin-KIN.58031">KIN:031</a>
                </td>
                <td>hasSex</td>
                <td/>
              </tr>
              <tr>
                <td style="white-space:nowrap">
                  <a name="http---purl.org-ga4gh-kin.fhir-KIN-032"> </a>
                  <a href="CodeSystem-kin.html#kin-KIN.58032">KIN:032</a>
                </td>
                <td>isBiologicalChild</td>
                <td/>
              </tr>
              <tr>
                <td style="white-space:nowrap">
                  <a name="http---purl.org-ga4gh-kin.fhir-KIN-033"> </a>
                  <a href="CodeSystem-kin.html#kin-KIN.58033">KIN:033</a>
                </td>
                <td>hasBiologicalChild</td>
                <td/>
              </tr>
              <tr>
                <td style="white-space:nowrap">
                  <a name="http---purl.org-ga4gh-kin.fhir-KIN-034"> </a>
                  <a href="CodeSystem-kin.html#kin-KIN.58034">KIN:034</a>
                </td>
                <td>hasBiologicalParent</td>
                <td/>
              </tr>
              <tr>
                <td style="white-space:nowrap">
                  <a name="http---purl.org-ga4gh-kin.fhir-KIN-035"> </a>
                  <a href="CodeSystem-kin.html#kin-KIN.58035">KIN:035</a>
                </td>
                <td>hasGrandparent</td>
                <td/>
              </tr>
              <tr>
                <td style="white-space:nowrap">
                  <a name="http---purl.org-ga4gh-kin.fhir-KIN-036"> </a>
                  <a href="CodeSystem-kin.html#kin-KIN.58036">KIN:036</a>
                </td>
                <td>isGrandchild</td>
                <td/>
              </tr>
              <tr>
                <td style="white-space:nowrap">
                  <a name="http---purl.org-ga4gh-kin.fhir-KIN-037"> </a>
                  <a href="CodeSystem-kin.html#kin-KIN.58037">KIN:037</a>
                </td>
                <td>hasGrandchild</td>
                <td/>
              </tr>
              <tr>
                <td style="white-space:nowrap">
                  <a name="http---purl.org-ga4gh-kin.fhir-KIN-038"> </a>
                  <a href="CodeSystem-kin.html#kin-KIN.58038">KIN:038</a>
                </td>
                <td>isOvumDonor</td>
                <td/>
              </tr>
              <tr>
                <td style="white-space:nowrap">
                  <a name="http---purl.org-ga4gh-kin.fhir-KIN-039"> </a>
                  <a href="CodeSystem-kin.html#kin-KIN.58039">KIN:039</a>
                </td>
                <td>hasGestationalCarrier</td>
                <td/>
              </tr>
              <tr>
                <td style="white-space:nowrap">
                  <a name="http---purl.org-ga4gh-kin.fhir-KIN-040"> </a>
                  <a href="CodeSystem-kin.html#kin-KIN.58040">KIN:040</a>
                </td>
                <td>hasBiologicalFather</td>
                <td/>
              </tr>
              <tr>
                <td style="white-space:nowrap">
                  <a name="http---purl.org-ga4gh-kin.fhir-KIN-041"> </a>
                  <a href="CodeSystem-kin.html#kin-KIN.58041">KIN:041</a>
                </td>
                <td>hasBiologicalMother</td>
                <td/>
              </tr>
              <tr>
                <td style="white-space:nowrap">
                  <a name="http---purl.org-ga4gh-kin.fhir-KIN-042"> </a>
                  <a href="CodeSystem-kin.html#kin-KIN.58042">KIN:042</a>
                </td>
                <td>hasOvumDonor</td>
                <td/>
              </tr>
              <tr>
                <td style="white-space:nowrap">
                  <a name="http---purl.org-ga4gh-kin.fhir-KIN-043"> </a>
                  <a href="CodeSystem-kin.html#kin-KIN.58043">KIN:043</a>
                </td>
                <td>hasSurrogateOvumDonor</td>
                <td/>
              </tr>
              <tr>
                <td style="white-space:nowrap">
                  <a name="http---purl.org-ga4gh-kin.fhir-KIN-044"> </a>
                  <a href="CodeSystem-kin.html#kin-KIN.58044">KIN:044</a>
                </td>
                <td>hasSpermDonor</td>
                <td/>
              </tr>
              <tr>
                <td style="white-space:nowrap">
                  <a name="http---purl.org-ga4gh-kin.fhir-KIN-045"> </a>
                  <a href="CodeSystem-kin.html#kin-KIN.58045">KIN:045</a>
                </td>
                <td>hasGreatGrandParent</td>
                <td/>
              </tr>
              <tr>
                <td style="white-space:nowrap">
                  <a name="http---purl.org-ga4gh-kin.fhir-KIN-046"> </a>
                  <a href="CodeSystem-kin.html#kin-KIN.58046">KIN:046</a>
                </td>
                <td>hasParentalSibling</td>
                <td/>
              </tr>
              <tr>
                <td style="white-space:nowrap">
                  <a name="http---purl.org-ga4gh-kin.fhir-topObjectProperty"> </a>
                  <a href="CodeSystem-kin.html#kin-topObjectProperty">topObjectProperty</a>
                </td>
                <td>topObjectProperty</td>
                <td/>
              </tr>
            </table>
          </div>
        </text>
        <url value="http://purl.org/ga4gh/pedigree-fhir-ig/ValueSet/PedigreeRelationshipTypes"/>
        <version value="0.1.0"/>
        <name value="PedigreeRelationshipTypes"/>
        <title value="Pedigree Relationship Types"/>
        <status value="active"/>
        <date value="2021-10-11T05:19:03+00:00"/>
        <publisher value="Global Alliance for Genomics and Health - Clinical and Phenotypic Data Capture Work Stream"/>
        <contact>
          <name value="Global Alliance for Genomics and Health - Clinical and Phenotypic Data Capture Work Stream"/>
          <telecom>
            <system value="url"/>
            <value value="https://www.ga4gh.org/work_stream/clinical-phenotypic-data-capture-2/"/>
          </telecom>
        </contact>
        <description value="The types of relationships between individuals in a pedigree."/>
        <copyright value="[Global Alliance for Genomics and Health](https://www.ga4gh.org)"/>
        <expansion>
          <identifier value="urn:uuid:50fd147c-7394-49b8-a162-55a3a6bec741"/>
          <timestamp value="2021-10-11T05:19:23+00:00"/>
          <total value="55"/>
          <parameter>
            <name value="excludeNested"/>
            <valueBoolean value="false"/>
          </parameter>
          <parameter>
            <name value="version"/>
            <valueUri value="http://purl.org/ga4gh/kin.fhir|0.1.0"/>
          </parameter>
          <contains>
            <system value="http://purl.org/ga4gh/kin.fhir"/>
            <code value="KIN:994"/>
            <display value="Man"/>
          </contains>
          <contains>
            <system value="http://purl.org/ga4gh/kin.fhir"/>
            <code value="KIN:993"/>
            <display value="Woman"/>
          </contains>
          <contains>
            <system value="http://purl.org/ga4gh/kin.fhir"/>
            <code value="KIN:996"/>
            <display value="Male"/>
          </contains>
          <contains>
            <system value="http://purl.org/ga4gh/kin.fhir"/>
            <code value="KIN:995"/>
            <display value="Female"/>
          </contains>
          <contains>
            <system value="http://purl.org/ga4gh/kin.fhir"/>
            <code value="KIN:998"/>
            <display value="Person"/>
          </contains>
          <contains>
            <system value="http://purl.org/ga4gh/kin.fhir"/>
            <code value="KIN:997"/>
            <display value="Sex"/>
          </contains>
          <contains>
            <system value="http://purl.org/ga4gh/kin.fhir"/>
            <code value="KIN:999"/>
            <display value="Domain Entity"/>
          </contains>
          <contains>
            <system value="http://purl.org/ga4gh/kin.fhir"/>
            <code value="Thing"/>
            <display value="Thing"/>
          </contains>
          <contains>
            <system value="http://purl.org/ga4gh/kin.fhir"/>
            <code value="KIN:001"/>
            <display value="isRelative"/>
          </contains>
          <contains>
            <system value="http://purl.org/ga4gh/kin.fhir"/>
            <code value="KIN:002"/>
            <display value="isBiologicalRelative"/>
          </contains>
          <contains>
            <system value="http://purl.org/ga4gh/kin.fhir"/>
            <code value="KIN:003"/>
            <display value="isBiologicalParent"/>
          </contains>
          <contains>
            <system value="http://purl.org/ga4gh/kin.fhir"/>
            <code value="KIN:004"/>
            <display value="isSpermDonor"/>
          </contains>
          <contains>
            <system value="http://purl.org/ga4gh/kin.fhir"/>
            <code value="KIN:005"/>
            <display value="isGestationalCarrier"/>
          </contains>
          <contains>
            <system value="http://purl.org/ga4gh/kin.fhir"/>
            <code value="KIN:006"/>
            <display value="isSurrogateOvumDonor"/>
          </contains>
          <contains>
            <system value="http://purl.org/ga4gh/kin.fhir"/>
            <code value="KIN:007"/>
            <display value="isBiologicalSibling"/>
          </contains>
          <contains>
            <system value="http://purl.org/ga4gh/kin.fhir"/>
            <code value="KIN:008"/>
            <display value="isFullsibling"/>
          </contains>
          <contains>
            <system value="http://purl.org/ga4gh/kin.fhir"/>
            <code value="KIN:009"/>
            <display value="isTwin"/>
          </contains>
          <contains>
            <system value="http://purl.org/ga4gh/kin.fhir"/>
            <code value="KIN:010"/>
            <display value="isMonozygoticTwin"/>
          </contains>
          <contains>
            <system value="http://purl.org/ga4gh/kin.fhir"/>
            <code value="KIN:011"/>
            <display value="isPolyzygoticTwin"/>
          </contains>
          <contains>
            <system value="http://purl.org/ga4gh/kin.fhir"/>
            <code value="KIN:012"/>
            <display value="isHalfSibling"/>
          </contains>
          <contains>
            <system value="http://purl.org/ga4gh/kin.fhir"/>
            <code value="KIN:013"/>
            <display value="isParentalSibling"/>
          </contains>
          <contains>
            <system value="http://purl.org/ga4gh/kin.fhir"/>
            <code value="KIN:014"/>
            <display value="isCousin"/>
          </contains>
          <contains>
            <system value="http://purl.org/ga4gh/kin.fhir"/>
            <code value="KIN:015"/>
            <display value="isMaternalCousin"/>
          </contains>
          <contains>
            <system value="http://purl.org/ga4gh/kin.fhir"/>
            <code value="KIN:016"/>
            <display value="isPaternalCousin"/>
          </contains>
          <contains>
            <system value="http://purl.org/ga4gh/kin.fhir"/>
            <code value="KIN:017"/>
            <display value="isGrandparent"/>
          </contains>
          <contains>
            <system value="http://purl.org/ga4gh/kin.fhir"/>
            <code value="KIN:018"/>
            <display value="isGreatGrandparent"/>
          </contains>
          <contains>
            <system value="http://purl.org/ga4gh/kin.fhir"/>
            <code value="KIN:019"/>
            <display value="isSocialLegalRelative"/>
          </contains>
          <contains>
            <system value="http://purl.org/ga4gh/kin.fhir"/>
            <code value="KIN:020"/>
            <display value="isParentFigure"/>
          </contains>
          <contains>
            <system value="http://purl.org/ga4gh/kin.fhir"/>
            <code value="KIN:021"/>
            <display value="isFosterParent"/>
          </contains>
          <contains>
            <system value="http://purl.org/ga4gh/kin.fhir"/>
            <code value="KIN:022"/>
            <display value="isAdoptiveParent"/>
          </contains>
          <contains>
            <system value="http://purl.org/ga4gh/kin.fhir"/>
            <code value="KIN:023"/>
            <display value="isStepParent"/>
          </contains>
          <contains>
            <system value="http://purl.org/ga4gh/kin.fhir"/>
            <code value="KIN:024"/>
            <display value="isSiblingFigure"/>
          </contains>
          <contains>
            <system value="http://purl.org/ga4gh/kin.fhir"/>
            <code value="KIN:025"/>
            <display value="isStepSibling"/>
          </contains>
          <contains>
            <system value="http://purl.org/ga4gh/kin.fhir"/>
            <code value="KIN:026"/>
            <display value="isPartner"/>
          </contains>
          <contains>
            <system value="http://purl.org/ga4gh/kin.fhir"/>
            <code value="KIN:027"/>
            <display value="isBiologicalMother"/>
          </contains>
          <contains>
            <system value="http://purl.org/ga4gh/kin.fhir"/>
            <code value="KIN:028"/>
            <display value="isBiologicalFather"/>
          </contains>
          <contains>
            <system value="http://purl.org/ga4gh/kin.fhir"/>
            <code value="KIN:029"/>
            <display value="isMitochondrialDonor"/>
          </contains>
          <contains>
            <system value="http://purl.org/ga4gh/kin.fhir"/>
            <code value="KIN:030"/>
            <display value="isConsanguineousPartner"/>
          </contains>
          <contains>
            <system value="http://purl.org/ga4gh/kin.fhir"/>
            <code value="KIN:031"/>
            <display value="hasSex"/>
          </contains>
          <contains>
            <system value="http://purl.org/ga4gh/kin.fhir"/>
            <code value="KIN:032"/>
            <display value="isBiologicalChild"/>
          </contains>
          <contains>
            <system value="http://purl.org/ga4gh/kin.fhir"/>
            <code value="KIN:033"/>
            <display value="hasBiologicalChild"/>
          </contains>
          <contains>
            <system value="http://purl.org/ga4gh/kin.fhir"/>
            <code value="KIN:034"/>
            <display value="hasBiologicalParent"/>
          </contains>
          <contains>
            <system value="http://purl.org/ga4gh/kin.fhir"/>
            <code value="KIN:035"/>
            <display value="hasGrandparent"/>
          </contains>
          <contains>
            <system value="http://purl.org/ga4gh/kin.fhir"/>
            <code value="KIN:036"/>
            <display value="isGrandchild"/>
          </contains>
          <contains>
            <system value="http://purl.org/ga4gh/kin.fhir"/>
            <code value="KIN:037"/>
            <display value="hasGrandchild"/>
          </contains>
          <contains>
            <system value="http://purl.org/ga4gh/kin.fhir"/>
            <code value="KIN:038"/>
            <display value="isOvumDonor"/>
          </contains>
          <contains>
            <system value="http://purl.org/ga4gh/kin.fhir"/>
            <code value="KIN:039"/>
            <display value="hasGestationalCarrier"/>
          </contains>
          <contains>
            <system value="http://purl.org/ga4gh/kin.fhir"/>
            <code value="KIN:040"/>
            <display value="hasBiologicalFather"/>
          </contains>
          <contains>
            <system value="http://purl.org/ga4gh/kin.fhir"/>
            <code value="KIN:041"/>
            <display value="hasBiologicalMother"/>
          </contains>
          <contains>
            <system value="http://purl.org/ga4gh/kin.fhir"/>
            <code value="KIN:042"/>
            <display value="hasOvumDonor"/>
          </contains>
          <contains>
            <system value="http://purl.org/ga4gh/kin.fhir"/>
            <code value="KIN:043"/>
            <display value="hasSurrogateOvumDonor"/>
          </contains>
          <contains>
            <system value="http://purl.org/ga4gh/kin.fhir"/>
            <code value="KIN:044"/>
            <display value="hasSpermDonor"/>
          </contains>
          <contains>
            <system value="http://purl.org/ga4gh/kin.fhir"/>
            <code value="KIN:045"/>
            <display value="hasGreatGrandParent"/>
          </contains>
          <contains>
            <system value="http://purl.org/ga4gh/kin.fhir"/>
            <code value="KIN:046"/>
            <display value="hasParentalSibling"/>
          </contains>
          <contains>
            <system value="http://purl.org/ga4gh/kin.fhir"/>
            <code value="topObjectProperty"/>
            <display value="topObjectProperty"/>
          </contains>
        </expansion>
      </ValueSet>
    </resource>
  </entry>
</Bundle>