{
  "resourceType": "FamilyMemberHistory",
  "id": "BartMargeRelationship",
  "meta": {
    "profile": [
      "http://purl.org/ga4gh/pedigree-fhir-ig/StructureDefinition/PedigreeRelationship"
    ]
  },
  "text": {
    "status": "extensions",
    "div": "<div xmlns=\"http://www.w3.org/1999/xhtml\"><p><b>Generated Narrative</b></p><p><b>Patient Record</b>: <a href=\"Patient-Marge.html\">Generated Summary: id: 3; gender: female; </a></p><p><b>identifier</b>: id: bart_marge</p><p><b>status</b>: completed</p><p><b>patient</b>: <a href=\"Patient-Bart.html\">Generated Summary: id: 1; gender: male; </a></p><p><b>relationship</b>: <span title=\"Codes: {http://purl.org/ga4gh/rel.fhir REL:003}\">biological parent</span></p></div>"
  },
  "extension": [
    {
      "url": "http://hl7.org/fhir/StructureDefinition/familymemberhistory-patient-record",
      "valueReference": {
        "reference": "Patient/Marge"
      }
    }
  ],
  "identifier": [
    {
      "system": "urn:fdc:sprinfieldlab.net:2021:id/relationship",
      "value": "bart_marge"
    }
  ],
  "status": "completed",
  "patient": {
    "reference": "Patient/Bart"
  },
  "relationship": {
    "coding": [
      {
        "system": "http://purl.org/ga4gh/rel.fhir",
        "code": "REL:003"
      }
    ]
  }
}