{
  "resourceType": "FamilyMemberHistory",
  "id": "ProbandMotherRelationship",
  "meta": {
    "profile": [
      "http://purl.org/ga4gh/pedigree-fhir-ig/StructureDefinition/PedigreeRelationship"
    ]
  },
  "text": {
    "status": "extensions",
    "div": "<div xmlns=\"http://www.w3.org/1999/xhtml\"><p><b>Generated Narrative</b></p><p><b>Patient Record</b>: <a href=\"Patient-Mother.html\">Generated Summary: id: 1; gender: female</a></p><p><b>identifier</b>: id: proband_mother</p><p><b>status</b>: completed</p><p><b>patient</b>: <a href=\"Patient-Proband.html\">Generated Summary: id: 3; gender: female</a></p><p><b>relationship</b>: <span title=\"Codes: {http://purl.org/ga4gh/kin.fhir REL:003}\">REL:003</span></p></div>"
  },
  "extension": [
    {
      "url": "http://hl7.org/fhir/StructureDefinition/familymemberhistory-patient-record",
      "valueReference": {
        "reference": "Patient/Mother"
      }
    }
  ],
  "identifier": [
    {
      "system": "urn:fdc:labtec.genovic.org.au:2018:id/relationship",
      "value": "proband_mother"
    }
  ],
  "status": "completed",
  "patient": {
    "reference": "Patient/Proband"
  },
  "relationship": {
    "coding": [
      {
        "system": "http://purl.org/ga4gh/kin.fhir",
        "code": "REL:003"
      }
    ]
  }
}