{
  "resourceType": "ImplementationGuide",
  "id": "ga4gh.fhir.pedigree",
  "text": {
    "status": "extensions",
    "div": "<div xmlns=\"http://www.w3.org/1999/xhtml\"><h2>GA4GHPedigreeIG</h2><p>The official URL for this implementation guide is: </p><pre>http://purl.org/ga4gh/pedigree-fhir-ig/ImplementationGuide/ga4gh.fhir.pedigree</pre><div><p>FHIR implementation guide for the Global Alliance for Genomics and Health Pedigree standard.</p>\n</div></div>"
  },
  "url": "http://purl.org/ga4gh/pedigree-fhir-ig/ImplementationGuide/ga4gh.fhir.pedigree",
  "version": "0.1.0",
  "name": "GA4GHPedigreeIG",
  "title": "GA4GH Pedigree FHIR Implementation Guide",
  "status": "draft",
  "date": "2021-06-21T23:30:41+00:00",
  "publisher": "Global Alliance for Genomics and Health - Clinical and Phenotypic Data Capture Work Stream",
  "contact": [
    {
      "name": "Global Alliance for Genomics and Health - Clinical and Phenotypic Data Capture Work Stream",
      "telecom": [
        {
          "system": "url",
          "value": "https://www.ga4gh.org/work_stream/clinical-phenotypic-data-capture-2/"
        }
      ]
    }
  ],
  "description": "FHIR implementation guide for the Global Alliance for Genomics and Health Pedigree standard.",
  "copyright": "[Global Alliance for Genomics and Health](https://www.ga4gh.org)",
  "packageId": "ga4gh.fhir.pedigree",
  "license": "CC0-1.0",
  "fhirVersion": [
    "4.0.1"
  ],
  "definition": {
    "extension": [
      {
        "extension": [
          {
            "url": "code",
            "valueString": "copyrightyear"
          },
          {
            "url": "value",
            "valueString": "2021+"
          }
        ],
        "url": "http://hl7.org/fhir/tools/StructureDefinition/ig-parameter"
      },
      {
        "extension": [
          {
            "url": "code",
            "valueString": "releaselabel"
          },
          {
            "url": "value",
            "valueString": "ci-build"
          }
        ],
        "url": "http://hl7.org/fhir/tools/StructureDefinition/ig-parameter"
      },
      {
        "extension": [
          {
            "url": "code",
            "valueString": "path-liquid"
          },
          {
            "url": "value",
            "valueString": "template/liquid"
          }
        ],
        "url": "http://hl7.org/fhir/tools/StructureDefinition/ig-parameter"
      },
      {
        "extension": [
          {
            "url": "code",
            "valueString": "path-liquid"
          },
          {
            "url": "value",
            "valueString": "input/liquid"
          }
        ],
        "url": "http://hl7.org/fhir/tools/StructureDefinition/ig-parameter"
      },
      {
        "extension": [
          {
            "url": "code",
            "valueString": "path-qa"
          },
          {
            "url": "value",
            "valueString": "temp/qa"
          }
        ],
        "url": "http://hl7.org/fhir/tools/StructureDefinition/ig-parameter"
      },
      {
        "extension": [
          {
            "url": "code",
            "valueString": "path-temp"
          },
          {
            "url": "value",
            "valueString": "temp/pages"
          }
        ],
        "url": "http://hl7.org/fhir/tools/StructureDefinition/ig-parameter"
      },
      {
        "extension": [
          {
            "url": "code",
            "valueString": "path-output"
          },
          {
            "url": "value",
            "valueString": "output"
          }
        ],
        "url": "http://hl7.org/fhir/tools/StructureDefinition/ig-parameter"
      },
      {
        "extension": [
          {
            "url": "code",
            "valueString": "path-suppressed-warnings"
          },
          {
            "url": "value",
            "valueString": "input/ignoreWarnings.txt"
          }
        ],
        "url": "http://hl7.org/fhir/tools/StructureDefinition/ig-parameter"
      },
      {
        "extension": [
          {
            "url": "code",
            "valueString": "path-history"
          },
          {
            "url": "value",
            "valueString": "http://purl.org/ga4gh/pedigree-fhir-ig/history.html"
          }
        ],
        "url": "http://hl7.org/fhir/tools/StructureDefinition/ig-parameter"
      },
      {
        "extension": [
          {
            "url": "code",
            "valueString": "template-html"
          },
          {
            "url": "value",
            "valueString": "template-page.html"
          }
        ],
        "url": "http://hl7.org/fhir/tools/StructureDefinition/ig-parameter"
      },
      {
        "extension": [
          {
            "url": "code",
            "valueString": "template-md"
          },
          {
            "url": "value",
            "valueString": "template-page-md.html"
          }
        ],
        "url": "http://hl7.org/fhir/tools/StructureDefinition/ig-parameter"
      },
      {
        "extension": [
          {
            "url": "code",
            "valueString": "apply-contact"
          },
          {
            "url": "value",
            "valueString": "true"
          }
        ],
        "url": "http://hl7.org/fhir/tools/StructureDefinition/ig-parameter"
      },
      {
        "extension": [
          {
            "url": "code",
            "valueString": "apply-context"
          },
          {
            "url": "value",
            "valueString": "true"
          }
        ],
        "url": "http://hl7.org/fhir/tools/StructureDefinition/ig-parameter"
      },
      {
        "extension": [
          {
            "url": "code",
            "valueString": "apply-copyright"
          },
          {
            "url": "value",
            "valueString": "true"
          }
        ],
        "url": "http://hl7.org/fhir/tools/StructureDefinition/ig-parameter"
      },
      {
        "extension": [
          {
            "url": "code",
            "valueString": "apply-jurisdiction"
          },
          {
            "url": "value",
            "valueString": "true"
          }
        ],
        "url": "http://hl7.org/fhir/tools/StructureDefinition/ig-parameter"
      },
      {
        "extension": [
          {
            "url": "code",
            "valueString": "apply-license"
          },
          {
            "url": "value",
            "valueString": "true"
          }
        ],
        "url": "http://hl7.org/fhir/tools/StructureDefinition/ig-parameter"
      },
      {
        "extension": [
          {
            "url": "code",
            "valueString": "apply-publisher"
          },
          {
            "url": "value",
            "valueString": "true"
          }
        ],
        "url": "http://hl7.org/fhir/tools/StructureDefinition/ig-parameter"
      },
      {
        "extension": [
          {
            "url": "code",
            "valueString": "apply-version"
          },
          {
            "url": "value",
            "valueString": "true"
          }
        ],
        "url": "http://hl7.org/fhir/tools/StructureDefinition/ig-parameter"
      },
      {
        "extension": [
          {
            "url": "code",
            "valueString": "active-tables"
          },
          {
            "url": "value",
            "valueString": "true"
          }
        ],
        "url": "http://hl7.org/fhir/tools/StructureDefinition/ig-parameter"
      }
    ],
    "resource": [
      {
        "extension": [
          {
            "url": "http://hl7.org/fhir/tools/StructureDefinition/resource-information",
            "valueString": "StructureDefinition:resource"
          }
        ],
        "reference": {
          "reference": "StructureDefinition/AffectedStatus"
        },
        "name": "Affected Status",
        "description": "Whether or not the individual is affected by the condition being investigated in this pedigree; included for PED backwards compatibility.",
        "exampleBoolean": false
      },
      {
        "extension": [
          {
            "url": "http://hl7.org/fhir/tools/StructureDefinition/resource-information",
            "valueString": "StructureDefinition:resource"
          }
        ],
        "reference": {
          "reference": "StructureDefinition/Pedigree"
        },
        "name": "Pedigree",
        "description": "A Pedigree is collection of selected information about a family, including the individuals, relationships between them, and relevant health conditions.",
        "exampleBoolean": false
      },
      {
        "extension": [
          {
            "url": "http://hl7.org/fhir/tools/StructureDefinition/resource-information",
            "valueString": "StructureDefinition:resource"
          }
        ],
        "reference": {
          "reference": "StructureDefinition/PedigreeIndividual"
        },
        "name": "Pedigree Individual",
        "description": "Represents and individual in a pedigree.",
        "exampleBoolean": false
      },
      {
        "extension": [
          {
            "url": "http://hl7.org/fhir/tools/StructureDefinition/resource-information",
            "valueString": "StructureDefinition:resource"
          }
        ],
        "reference": {
          "reference": "StructureDefinition/PedigreeRelationship"
        },
        "name": "Pedigree Relationship",
        "description": "Represents a relationship between individuals in a pedigree.",
        "exampleBoolean": false
      },
      {
        "extension": [
          {
            "url": "http://hl7.org/fhir/tools/StructureDefinition/resource-information",
            "valueString": "StructureDefinition:extension"
          }
        ],
        "reference": {
          "reference": "StructureDefinition/patient-unborn"
        },
        "name": "Unborn",
        "description": "Indicates if an individual in a pedigree hasn't been born yet.",
        "exampleBoolean": false
      },
      {
        "extension": [
          {
            "url": "http://hl7.org/fhir/tools/StructureDefinition/resource-information",
            "valueString": "ValueSet"
          }
        ],
        "reference": {
          "reference": "ValueSet/PedigreeRelationshipTypes"
        },
        "name": "Pedigree Relationship Types",
        "description": "The types of relationships between individuals in a pedigree.",
        "exampleBoolean": false
      },
      {
        "extension": [
          {
            "url": "http://hl7.org/fhir/tools/StructureDefinition/resource-information",
            "valueString": "CodeSystem"
          }
        ],
        "reference": {
          "reference": "CodeSystem/SectionType"
        },
        "name": "Section Type",
        "description": "Represents the different types of sections in a pedigree.",
        "exampleBoolean": false
      },
      {
        "extension": [
          {
            "url": "http://hl7.org/fhir/tools/StructureDefinition/resource-information",
            "valueString": "Patient"
          }
        ],
        "reference": {
          "reference": "Patient/Abe"
        },
        "name": "Abe",
        "description": "Abe is Homer's father.",
        "exampleCanonical": "http://purl.org/ga4gh/pedigree-fhir-ig/StructureDefinition/PedigreeIndividual"
      },
      {
        "extension": [
          {
            "url": "http://hl7.org/fhir/tools/StructureDefinition/resource-information",
            "valueString": "Observation"
          }
        ],
        "reference": {
          "reference": "Observation/AffectedStatusFather"
        },
        "name": "Affected Status Father",
        "description": "The affected status of the father.",
        "exampleCanonical": "http://purl.org/ga4gh/pedigree-fhir-ig/StructureDefinition/AffectedStatus"
      },
      {
        "extension": [
          {
            "url": "http://hl7.org/fhir/tools/StructureDefinition/resource-information",
            "valueString": "Observation"
          }
        ],
        "reference": {
          "reference": "Observation/AffectedStatusMother"
        },
        "name": "Affected Status Mother",
        "description": "The affected status of the mother.",
        "exampleCanonical": "http://purl.org/ga4gh/pedigree-fhir-ig/StructureDefinition/AffectedStatus"
      },
      {
        "extension": [
          {
            "url": "http://hl7.org/fhir/tools/StructureDefinition/resource-information",
            "valueString": "Observation"
          }
        ],
        "reference": {
          "reference": "Observation/AffectedStatusProband"
        },
        "name": "Affected Status Proband",
        "description": "The affected status of the proband.",
        "exampleCanonical": "http://purl.org/ga4gh/pedigree-fhir-ig/StructureDefinition/AffectedStatus"
      },
      {
        "extension": [
          {
            "url": "http://hl7.org/fhir/tools/StructureDefinition/resource-information",
            "valueString": "Patient"
          }
        ],
        "reference": {
          "reference": "Patient/Bart"
        },
        "name": "Bart",
        "description": "Bart is the proband and consultand.",
        "exampleCanonical": "http://purl.org/ga4gh/pedigree-fhir-ig/StructureDefinition/PedigreeIndividual"
      },
      {
        "extension": [
          {
            "url": "http://hl7.org/fhir/tools/StructureDefinition/resource-information",
            "valueString": "FamilyMemberHistory"
          }
        ],
        "reference": {
          "reference": "FamilyMemberHistory/BartHomerRelationship"
        },
        "name": "Bart-Homer Relationship",
        "description": "The relationship between Bart and his father.",
        "exampleCanonical": "http://purl.org/ga4gh/pedigree-fhir-ig/StructureDefinition/PedigreeRelationship"
      },
      {
        "extension": [
          {
            "url": "http://hl7.org/fhir/tools/StructureDefinition/resource-information",
            "valueString": "FamilyMemberHistory"
          }
        ],
        "reference": {
          "reference": "FamilyMemberHistory/BartMargeRelationship"
        },
        "name": "Bart-Marge Relationship",
        "description": "The relationship between Bart and his mother.",
        "exampleCanonical": "http://purl.org/ga4gh/pedigree-fhir-ig/StructureDefinition/PedigreeRelationship"
      },
      {
        "extension": [
          {
            "url": "http://hl7.org/fhir/tools/StructureDefinition/resource-information",
            "valueString": "Condition"
          }
        ],
        "reference": {
          "reference": "Condition/BartsCondition"
        },
        "name": "Bart's condition",
        "description": "Attention deficit hyperactivity disorder, the condition that triggered the collection of this pedigree.",
        "exampleBoolean": true
      },
      {
        "extension": [
          {
            "url": "http://hl7.org/fhir/tools/StructureDefinition/resource-information",
            "valueString": "Practitioner"
          }
        ],
        "reference": {
          "reference": "Practitioner/DrNick"
        },
        "name": "Dr Nick",
        "description": "Dr Nick, author of this pedigree.",
        "exampleBoolean": true
      },
      {
        "extension": [
          {
            "url": "http://hl7.org/fhir/tools/StructureDefinition/resource-information",
            "valueString": "Patient"
          }
        ],
        "reference": {
          "reference": "Patient/Father"
        },
        "name": "Father",
        "description": "The father in the trio.",
        "exampleCanonical": "http://purl.org/ga4gh/pedigree-fhir-ig/StructureDefinition/PedigreeIndividual"
      },
      {
        "extension": [
          {
            "url": "http://hl7.org/fhir/tools/StructureDefinition/resource-information",
            "valueString": "Condition"
          }
        ],
        "reference": {
          "reference": "Condition/FatherFirstCondition"
        },
        "name": "Father First Condition",
        "description": "Cardiomegaly, the first condition suffered by the father.",
        "exampleBoolean": true
      },
      {
        "extension": [
          {
            "url": "http://hl7.org/fhir/tools/StructureDefinition/resource-information",
            "valueString": "Condition"
          }
        ],
        "reference": {
          "reference": "Condition/FatherSecondCondition"
        },
        "name": "Father Second Condition",
        "description": "Shuffling gait, the second condition suffered by the father.",
        "exampleBoolean": true
      },
      {
        "extension": [
          {
            "url": "http://hl7.org/fhir/tools/StructureDefinition/resource-information",
            "valueString": "Patient"
          }
        ],
        "reference": {
          "reference": "Patient/Homer"
        },
        "name": "Homer",
        "description": "Homer is Bart's father and Marge's husband.",
        "exampleCanonical": "http://purl.org/ga4gh/pedigree-fhir-ig/StructureDefinition/PedigreeIndividual"
      },
      {
        "extension": [
          {
            "url": "http://hl7.org/fhir/tools/StructureDefinition/resource-information",
            "valueString": "FamilyMemberHistory"
          }
        ],
        "reference": {
          "reference": "FamilyMemberHistory/HomerAbeRelationship"
        },
        "name": "Homer-Abe Relationship",
        "description": "The relationship between Homer and his father.",
        "exampleCanonical": "http://purl.org/ga4gh/pedigree-fhir-ig/StructureDefinition/PedigreeRelationship"
      },
      {
        "extension": [
          {
            "url": "http://hl7.org/fhir/tools/StructureDefinition/resource-information",
            "valueString": "Patient"
          }
        ],
        "reference": {
          "reference": "Patient/Marge"
        },
        "name": "Marge",
        "description": "Marge is Bart's mother and Homer's wife.",
        "exampleCanonical": "http://purl.org/ga4gh/pedigree-fhir-ig/StructureDefinition/PedigreeIndividual"
      },
      {
        "extension": [
          {
            "url": "http://hl7.org/fhir/tools/StructureDefinition/resource-information",
            "valueString": "FamilyMemberHistory"
          }
        ],
        "reference": {
          "reference": "FamilyMemberHistory/MargeHomerRelationship"
        },
        "name": "Marge-Homer Relationship",
        "description": "The relationship between Marge and her husband.",
        "exampleCanonical": "http://purl.org/ga4gh/pedigree-fhir-ig/StructureDefinition/PedigreeRelationship"
      },
      {
        "extension": [
          {
            "url": "http://hl7.org/fhir/tools/StructureDefinition/resource-information",
            "valueString": "Organization"
          }
        ],
        "reference": {
          "reference": "Organization/MelbourneGenomics"
        },
        "name": "Melbourne Genomics",
        "description": "The Melbourne Genomics organisation.",
        "exampleBoolean": true
      },
      {
        "extension": [
          {
            "url": "http://hl7.org/fhir/tools/StructureDefinition/resource-information",
            "valueString": "Patient"
          }
        ],
        "reference": {
          "reference": "Patient/Mother"
        },
        "name": "Mother",
        "description": "The mother in the trio.",
        "exampleCanonical": "http://purl.org/ga4gh/pedigree-fhir-ig/StructureDefinition/PedigreeIndividual"
      },
      {
        "extension": [
          {
            "url": "http://hl7.org/fhir/tools/StructureDefinition/resource-information",
            "valueString": "Patient"
          }
        ],
        "reference": {
          "reference": "Patient/Proband"
        },
        "name": "Proband",
        "description": "The proband in the trio.",
        "exampleCanonical": "http://purl.org/ga4gh/pedigree-fhir-ig/StructureDefinition/PedigreeIndividual"
      },
      {
        "extension": [
          {
            "url": "http://hl7.org/fhir/tools/StructureDefinition/resource-information",
            "valueString": "Condition"
          }
        ],
        "reference": {
          "reference": "Condition/ProbandCondition"
        },
        "name": "Proband Condition",
        "description": "Progressive gait ataxia, the condition suffered by the proband.",
        "exampleBoolean": true
      },
      {
        "extension": [
          {
            "url": "http://hl7.org/fhir/tools/StructureDefinition/resource-information",
            "valueString": "FamilyMemberHistory"
          }
        ],
        "reference": {
          "reference": "FamilyMemberHistory/ProbandFatherRelationship"
        },
        "name": "Proband Father Relationship",
        "description": "The relationship between the proband and her father.",
        "exampleCanonical": "http://purl.org/ga4gh/pedigree-fhir-ig/StructureDefinition/PedigreeRelationship"
      },
      {
        "extension": [
          {
            "url": "http://hl7.org/fhir/tools/StructureDefinition/resource-information",
            "valueString": "FamilyMemberHistory"
          }
        ],
        "reference": {
          "reference": "FamilyMemberHistory/ProbandMotherRelationship"
        },
        "name": "Proband Mother Relationship",
        "description": "The relationship between the proband and her mother.",
        "exampleCanonical": "http://purl.org/ga4gh/pedigree-fhir-ig/StructureDefinition/PedigreeRelationship"
      },
      {
        "extension": [
          {
            "url": "http://hl7.org/fhir/tools/StructureDefinition/resource-information",
            "valueString": "Composition"
          }
        ],
        "reference": {
          "reference": "Composition/SimpsonsPedigree"
        },
        "name": "Simpson's pedigree",
        "description": "A pedigree of the Simpson's family.",
        "exampleCanonical": "http://purl.org/ga4gh/pedigree-fhir-ig/StructureDefinition/Pedigree"
      },
      {
        "extension": [
          {
            "url": "http://hl7.org/fhir/tools/StructureDefinition/resource-information",
            "valueString": "Composition"
          }
        ],
        "reference": {
          "reference": "Composition/TrioPedigree"
        },
        "name": "The trio's pedigree",
        "description": "A pedigree of the trio.",
        "exampleCanonical": "http://purl.org/ga4gh/pedigree-fhir-ig/StructureDefinition/Pedigree"
      },
      {
        "extension": [
          {
            "url": "http://hl7.org/fhir/tools/StructureDefinition/resource-information",
            "valueString": "Observation"
          }
        ],
        "reference": {
          "reference": "Observation/pedigree-1-affected-status-example-1"
        },
        "name": "Pedigree 1 Affected Status Example 1",
        "exampleCanonical": "http://purl.org/ga4gh/pedigree-fhir-ig/StructureDefinition/AffectedStatus"
      },
      {
        "extension": [
          {
            "url": "http://hl7.org/fhir/tools/StructureDefinition/resource-information",
            "valueString": "Condition"
          }
        ],
        "reference": {
          "reference": "Condition/pedigree-1-condition-example-1"
        },
        "name": "Pedigree 1 Condition Example 1",
        "exampleBoolean": true
      },
      {
        "extension": [
          {
            "url": "http://hl7.org/fhir/tools/StructureDefinition/resource-information",
            "valueString": "Patient"
          }
        ],
        "reference": {
          "reference": "Patient/pedigree-1-individual-example-1"
        },
        "name": "Pedigree 1 Individual Example 1",
        "exampleCanonical": "http://purl.org/ga4gh/pedigree-fhir-ig/StructureDefinition/PedigreeIndividual"
      },
      {
        "extension": [
          {
            "url": "http://hl7.org/fhir/tools/StructureDefinition/resource-information",
            "valueString": "Patient"
          }
        ],
        "reference": {
          "reference": "Patient/pedigree-1-individual-example-10"
        },
        "name": "Pedigree 1 Individual Example 10",
        "exampleCanonical": "http://purl.org/ga4gh/pedigree-fhir-ig/StructureDefinition/PedigreeIndividual"
      },
      {
        "extension": [
          {
            "url": "http://hl7.org/fhir/tools/StructureDefinition/resource-information",
            "valueString": "Patient"
          }
        ],
        "reference": {
          "reference": "Patient/pedigree-1-individual-example-11"
        },
        "name": "Pedigree 1 Individual Example 11",
        "exampleCanonical": "http://purl.org/ga4gh/pedigree-fhir-ig/StructureDefinition/PedigreeIndividual"
      },
      {
        "extension": [
          {
            "url": "http://hl7.org/fhir/tools/StructureDefinition/resource-information",
            "valueString": "Patient"
          }
        ],
        "reference": {
          "reference": "Patient/pedigree-1-individual-example-12"
        },
        "name": "Pedigree 1 Individual Example 12",
        "exampleCanonical": "http://purl.org/ga4gh/pedigree-fhir-ig/StructureDefinition/PedigreeIndividual"
      },
      {
        "extension": [
          {
            "url": "http://hl7.org/fhir/tools/StructureDefinition/resource-information",
            "valueString": "Patient"
          }
        ],
        "reference": {
          "reference": "Patient/pedigree-1-individual-example-13"
        },
        "name": "Pedigree 1 Individual Example 13",
        "exampleCanonical": "http://purl.org/ga4gh/pedigree-fhir-ig/StructureDefinition/PedigreeIndividual"
      },
      {
        "extension": [
          {
            "url": "http://hl7.org/fhir/tools/StructureDefinition/resource-information",
            "valueString": "Patient"
          }
        ],
        "reference": {
          "reference": "Patient/pedigree-1-individual-example-2"
        },
        "name": "Pedigree 1 Individual Example 2",
        "exampleCanonical": "http://purl.org/ga4gh/pedigree-fhir-ig/StructureDefinition/PedigreeIndividual"
      },
      {
        "extension": [
          {
            "url": "http://hl7.org/fhir/tools/StructureDefinition/resource-information",
            "valueString": "Patient"
          }
        ],
        "reference": {
          "reference": "Patient/pedigree-1-individual-example-3"
        },
        "name": "Pedigree 1 Individual Example 3",
        "exampleCanonical": "http://purl.org/ga4gh/pedigree-fhir-ig/StructureDefinition/PedigreeIndividual"
      },
      {
        "extension": [
          {
            "url": "http://hl7.org/fhir/tools/StructureDefinition/resource-information",
            "valueString": "Patient"
          }
        ],
        "reference": {
          "reference": "Patient/pedigree-1-individual-example-4"
        },
        "name": "Pedigree 1 Individual Example 4",
        "exampleCanonical": "http://purl.org/ga4gh/pedigree-fhir-ig/StructureDefinition/PedigreeIndividual"
      },
      {
        "extension": [
          {
            "url": "http://hl7.org/fhir/tools/StructureDefinition/resource-information",
            "valueString": "Patient"
          }
        ],
        "reference": {
          "reference": "Patient/pedigree-1-individual-example-5"
        },
        "name": "Pedigree 1 Individual Example 5",
        "exampleCanonical": "http://purl.org/ga4gh/pedigree-fhir-ig/StructureDefinition/PedigreeIndividual"
      },
      {
        "extension": [
          {
            "url": "http://hl7.org/fhir/tools/StructureDefinition/resource-information",
            "valueString": "Patient"
          }
        ],
        "reference": {
          "reference": "Patient/pedigree-1-individual-example-6"
        },
        "name": "Pedigree 1 Individual Example 6",
        "exampleCanonical": "http://purl.org/ga4gh/pedigree-fhir-ig/StructureDefinition/PedigreeIndividual"
      },
      {
        "extension": [
          {
            "url": "http://hl7.org/fhir/tools/StructureDefinition/resource-information",
            "valueString": "Patient"
          }
        ],
        "reference": {
          "reference": "Patient/pedigree-1-individual-example-7"
        },
        "name": "Pedigree 1 Individual Example 7",
        "exampleCanonical": "http://purl.org/ga4gh/pedigree-fhir-ig/StructureDefinition/PedigreeIndividual"
      },
      {
        "extension": [
          {
            "url": "http://hl7.org/fhir/tools/StructureDefinition/resource-information",
            "valueString": "Patient"
          }
        ],
        "reference": {
          "reference": "Patient/pedigree-1-individual-example-8"
        },
        "name": "Pedigree 1 Individual Example 8",
        "exampleCanonical": "http://purl.org/ga4gh/pedigree-fhir-ig/StructureDefinition/PedigreeIndividual"
      },
      {
        "extension": [
          {
            "url": "http://hl7.org/fhir/tools/StructureDefinition/resource-information",
            "valueString": "Patient"
          }
        ],
        "reference": {
          "reference": "Patient/pedigree-1-individual-example-9"
        },
        "name": "Pedigree 1 Individual Example 9",
        "exampleCanonical": "http://purl.org/ga4gh/pedigree-fhir-ig/StructureDefinition/PedigreeIndividual"
      },
      {
        "extension": [
          {
            "url": "http://hl7.org/fhir/tools/StructureDefinition/resource-information",
            "valueString": "Organization"
          }
        ],
        "reference": {
          "reference": "Organization/pedigree-1-organization-example-1"
        },
        "name": "Pedigree 1 Organization Example 1",
        "exampleBoolean": true
      },
      {
        "extension": [
          {
            "url": "http://hl7.org/fhir/tools/StructureDefinition/resource-information",
            "valueString": "Composition"
          }
        ],
        "reference": {
          "reference": "Composition/pedigree-1-pedigree-example-1"
        },
        "name": "Pedigree 1 Pedigree Example 1",
        "exampleCanonical": "http://purl.org/ga4gh/pedigree-fhir-ig/StructureDefinition/Pedigree"
      },
      {
        "extension": [
          {
            "url": "http://hl7.org/fhir/tools/StructureDefinition/resource-information",
            "valueString": "FamilyMemberHistory"
          }
        ],
        "reference": {
          "reference": "FamilyMemberHistory/pedigree-1-relationship-example-1"
        },
        "name": "Pedigree 1 Relationship Example 1",
        "exampleCanonical": "http://purl.org/ga4gh/pedigree-fhir-ig/StructureDefinition/PedigreeRelationship"
      },
      {
        "extension": [
          {
            "url": "http://hl7.org/fhir/tools/StructureDefinition/resource-information",
            "valueString": "FamilyMemberHistory"
          }
        ],
        "reference": {
          "reference": "FamilyMemberHistory/pedigree-1-relationship-example-10"
        },
        "name": "Pedigree 1 Relationship Example 10",
        "exampleCanonical": "http://purl.org/ga4gh/pedigree-fhir-ig/StructureDefinition/PedigreeRelationship"
      },
      {
        "extension": [
          {
            "url": "http://hl7.org/fhir/tools/StructureDefinition/resource-information",
            "valueString": "FamilyMemberHistory"
          }
        ],
        "reference": {
          "reference": "FamilyMemberHistory/pedigree-1-relationship-example-11"
        },
        "name": "Pedigree 1 Relationship Example 11",
        "exampleCanonical": "http://purl.org/ga4gh/pedigree-fhir-ig/StructureDefinition/PedigreeRelationship"
      },
      {
        "extension": [
          {
            "url": "http://hl7.org/fhir/tools/StructureDefinition/resource-information",
            "valueString": "FamilyMemberHistory"
          }
        ],
        "reference": {
          "reference": "FamilyMemberHistory/pedigree-1-relationship-example-12"
        },
        "name": "Pedigree 1 Relationship Example 12",
        "exampleCanonical": "http://purl.org/ga4gh/pedigree-fhir-ig/StructureDefinition/PedigreeRelationship"
      },
      {
        "extension": [
          {
            "url": "http://hl7.org/fhir/tools/StructureDefinition/resource-information",
            "valueString": "FamilyMemberHistory"
          }
        ],
        "reference": {
          "reference": "FamilyMemberHistory/pedigree-1-relationship-example-13"
        },
        "name": "Pedigree 1 Relationship Example 13",
        "exampleCanonical": "http://purl.org/ga4gh/pedigree-fhir-ig/StructureDefinition/PedigreeRelationship"
      },
      {
        "extension": [
          {
            "url": "http://hl7.org/fhir/tools/StructureDefinition/resource-information",
            "valueString": "FamilyMemberHistory"
          }
        ],
        "reference": {
          "reference": "FamilyMemberHistory/pedigree-1-relationship-example-14"
        },
        "name": "Pedigree 1 Relationship Example 14",
        "exampleCanonical": "http://purl.org/ga4gh/pedigree-fhir-ig/StructureDefinition/PedigreeRelationship"
      },
      {
        "extension": [
          {
            "url": "http://hl7.org/fhir/tools/StructureDefinition/resource-information",
            "valueString": "FamilyMemberHistory"
          }
        ],
        "reference": {
          "reference": "FamilyMemberHistory/pedigree-1-relationship-example-15"
        },
        "name": "Pedigree 1 Relationship Example 15",
        "exampleCanonical": "http://purl.org/ga4gh/pedigree-fhir-ig/StructureDefinition/PedigreeRelationship"
      },
      {
        "extension": [
          {
            "url": "http://hl7.org/fhir/tools/StructureDefinition/resource-information",
            "valueString": "FamilyMemberHistory"
          }
        ],
        "reference": {
          "reference": "FamilyMemberHistory/pedigree-1-relationship-example-16"
        },
        "name": "Pedigree 1 Relationship Example 16",
        "exampleCanonical": "http://purl.org/ga4gh/pedigree-fhir-ig/StructureDefinition/PedigreeRelationship"
      },
      {
        "extension": [
          {
            "url": "http://hl7.org/fhir/tools/StructureDefinition/resource-information",
            "valueString": "FamilyMemberHistory"
          }
        ],
        "reference": {
          "reference": "FamilyMemberHistory/pedigree-1-relationship-example-2"
        },
        "name": "Pedigree 1 Relationship Example 2",
        "exampleCanonical": "http://purl.org/ga4gh/pedigree-fhir-ig/StructureDefinition/PedigreeRelationship"
      },
      {
        "extension": [
          {
            "url": "http://hl7.org/fhir/tools/StructureDefinition/resource-information",
            "valueString": "FamilyMemberHistory"
          }
        ],
        "reference": {
          "reference": "FamilyMemberHistory/pedigree-1-relationship-example-3"
        },
        "name": "Pedigree 1 Relationship Example 3",
        "exampleCanonical": "http://purl.org/ga4gh/pedigree-fhir-ig/StructureDefinition/PedigreeRelationship"
      },
      {
        "extension": [
          {
            "url": "http://hl7.org/fhir/tools/StructureDefinition/resource-information",
            "valueString": "FamilyMemberHistory"
          }
        ],
        "reference": {
          "reference": "FamilyMemberHistory/pedigree-1-relationship-example-4"
        },
        "name": "Pedigree 1 Relationship Example 4",
        "exampleCanonical": "http://purl.org/ga4gh/pedigree-fhir-ig/StructureDefinition/PedigreeRelationship"
      },
      {
        "extension": [
          {
            "url": "http://hl7.org/fhir/tools/StructureDefinition/resource-information",
            "valueString": "FamilyMemberHistory"
          }
        ],
        "reference": {
          "reference": "FamilyMemberHistory/pedigree-1-relationship-example-5"
        },
        "name": "Pedigree 1 Relationship Example 5",
        "exampleCanonical": "http://purl.org/ga4gh/pedigree-fhir-ig/StructureDefinition/PedigreeRelationship"
      },
      {
        "extension": [
          {
            "url": "http://hl7.org/fhir/tools/StructureDefinition/resource-information",
            "valueString": "FamilyMemberHistory"
          }
        ],
        "reference": {
          "reference": "FamilyMemberHistory/pedigree-1-relationship-example-6"
        },
        "name": "Pedigree 1 Relationship Example 6",
        "exampleCanonical": "http://purl.org/ga4gh/pedigree-fhir-ig/StructureDefinition/PedigreeRelationship"
      },
      {
        "extension": [
          {
            "url": "http://hl7.org/fhir/tools/StructureDefinition/resource-information",
            "valueString": "FamilyMemberHistory"
          }
        ],
        "reference": {
          "reference": "FamilyMemberHistory/pedigree-1-relationship-example-7"
        },
        "name": "Pedigree 1 Relationship Example 7",
        "exampleCanonical": "http://purl.org/ga4gh/pedigree-fhir-ig/StructureDefinition/PedigreeRelationship"
      },
      {
        "extension": [
          {
            "url": "http://hl7.org/fhir/tools/StructureDefinition/resource-information",
            "valueString": "FamilyMemberHistory"
          }
        ],
        "reference": {
          "reference": "FamilyMemberHistory/pedigree-1-relationship-example-8"
        },
        "name": "Pedigree 1 Relationship Example 8",
        "exampleCanonical": "http://purl.org/ga4gh/pedigree-fhir-ig/StructureDefinition/PedigreeRelationship"
      },
      {
        "extension": [
          {
            "url": "http://hl7.org/fhir/tools/StructureDefinition/resource-information",
            "valueString": "FamilyMemberHistory"
          }
        ],
        "reference": {
          "reference": "FamilyMemberHistory/pedigree-1-relationship-example-9"
        },
        "name": "Pedigree 1 Relationship Example 9",
        "exampleCanonical": "http://purl.org/ga4gh/pedigree-fhir-ig/StructureDefinition/PedigreeRelationship"
      },
      {
        "extension": [
          {
            "url": "http://hl7.org/fhir/tools/StructureDefinition/resource-information",
            "valueString": "CodeSystem"
          }
        ],
        "reference": {
          "reference": "CodeSystem/PedigreeRelationships"
        },
        "name": "Pedigree Relationships",
        "description": "Code system for pedigree realtionship types.",
        "exampleBoolean": false
      }
    ],
    "page": {
      "nameUrl": "toc.html",
      "title": "Table of Contents",
      "generation": "html",
      "page": [
        {
          "nameUrl": "index.html",
          "title": "Overview",
          "generation": "markdown"
        },
        {
          "nameUrl": "downloads.html",
          "title": "Downloads",
          "generation": "markdown"
        }
      ]
    },
    "parameter": [
      {
        "code": "path-resource",
        "value": "input/capabilities"
      },
      {
        "code": "path-resource",
        "value": "input/examples"
      },
      {
        "code": "path-resource",
        "value": "input/extensions"
      },
      {
        "code": "path-resource",
        "value": "input/models"
      },
      {
        "code": "path-resource",
        "value": "input/operations"
      },
      {
        "code": "path-resource",
        "value": "input/profiles"
      },
      {
        "code": "path-resource",
        "value": "input/resources"
      },
      {
        "code": "path-resource",
        "value": "input/vocabulary"
      },
      {
        "code": "path-resource",
        "value": "input/maps"
      },
      {
        "code": "path-resource",
        "value": "input/testing"
      },
      {
        "code": "path-resource",
        "value": "input/history"
      },
      {
        "code": "path-resource",
        "value": "fsh-generated/resources"
      },
      {
        "code": "path-pages",
        "value": "template/config"
      },
      {
        "code": "path-pages",
        "value": "input/images"
      },
      {
        "code": "path-tx-cache",
        "value": "input-cache/txcache"
      }
    ]
  }
}