{
  "resourceType": "Observation",
  "id": "pedigree-1-affected-status-example-1",
  "meta": {
    "profile": [
      "http://ga4gh-cp.github.io/pedigree-fhir-ig/StructureDefinition/AffectedStatus"
    ]
  },
  "text": {
    "status": "generated",
    "div": "<div xmlns=\"http://www.w3.org/1999/xhtml\"><p><b>Generated Narrative</b></p><p><b>identifier</b>: id: pedigree-1-1</p><p></p><p><b>code</b>: <span title=\"Codes: {http://snomed.info/sct 103309006}\">Patient affected</span></p><p><b>subject</b>: <a href=\"Patient-pedigree-1-individual-example-1.html\">Generated Summary: id: pedigree-1-1; gender: female; birthDate: 2019-06-15</a></p><p><b>value</b>: true</p></div>"
  },
  "identifier": [
    {
      "system": "urn:pedigree-fhir-ig:unique-string/affected-status",
      "value": "pedigree-1-1"
    }
  ],
  "status": "final",
  "code": {
    "coding": [
      {
        "system": "http://snomed.info/sct",
        "code": "103309006",
        "display": "Patient affected"
      }
    ]
  },
  "subject": {
    "reference": "Patient/pedigree-1-individual-example-1"
  },
  "valueBoolean": true
}