{
  "resourceType": "Observation",
  "id": "AffectedStatusProband",
  "meta": {
    "profile": [
      "http://purl.org/ga4gh/pedigree-fhir-ig/StructureDefinition/AffectedStatus"
    ]
  },
  "text": {
    "status": "generated",
    "div": "<div xmlns=\"http://www.w3.org/1999/xhtml\"><p><b>Generated Narrative</b></p><div style=\"display: inline-block; background-color: #d9e0e7; padding: 6px; margin: 4px; border: 1px solid #8da1b4; border-radius: 5px; line-height: 60%\"><p style=\"margin-bottom: 0px\">Resource \"AffectedStatusProband\" </p><p style=\"margin-bottom: 0px\">Profile: <a href=\"StructureDefinition-AffectedStatus.html\">Affected Status</a></p></div><p><b>status</b>: final</p><p><b>code</b>: Patient affected <span style=\"background: LightGoldenRodYellow; margin: 4px; border: 1px solid khaki\"> (<a href=\"https://browser.ihtsdotools.org/\">SNOMED CT</a>#103309006)</span></p><p><b>subject</b>: <a href=\"Patient-Proband.html\">Patient/Proband</a></p><p><b>value</b>: true</p></div>"
  },
  "status": "final",
  "code": {
    "coding": [
      {
        "system": "http://snomed.info/sct",
        "code": "103309006"
      }
    ]
  },
  "subject": {
    "reference": "Patient/Proband"
  },
  "valueBoolean": true
}