<?xml version="1.0" encoding="UTF-8"?>

<Observation xmlns="http://hl7.org/fhir">
  <id value="pedigree-1-affected-status-example-1"/>
  <meta>
    <profile value="http://ga4gh-cp.github.io/pedigree-fhir-ig/StructureDefinition/AffectedStatus"/>
  </meta>
  <text>
    <status value="generated"/><div xmlns="http://www.w3.org/1999/xhtml"><p><b>Generated Narrative</b></p><p><b>identifier</b>: id: pedigree-1-1</p><p></p><p><b>code</b>: <span title="Codes: {http://snomed.info/sct 103309006}">Patient affected</span></p><p><b>subject</b>: <a href="Patient-pedigree-1-individual-example-1.html">Generated Summary: id: pedigree-1-1; gender: female; birthDate: 2019-06-15</a></p><p><b>value</b>: true</p></div>
  </text>
  <identifier>
    <system value="urn:pedigree-fhir-ig:unique-string/affected-status"/>
    <value value="pedigree-1-1"/>
  </identifier>
  <status value="final"/>
  <code>
    <coding>
      <system value="http://snomed.info/sct"/>
      <code value="103309006"/>
      <display value="Patient affected"/>
    </coding>
  </code>
  <subject>
    <reference value="Patient/pedigree-1-individual-example-1"/>
  </subject>
  <valueBoolean value="true"/>
</Observation>