{
  "resourceType": "Observation",
  "id": "AffectedStatusFather",
  "meta": {
    "profile": [
      "http://purl.org/ga4gh/pedigree-fhir-ig/StructureDefinition/AffectedStatus"
    ]
  },
  "text": {
    "status": "generated",
    "div": "<div xmlns=\"http://www.w3.org/1999/xhtml\"><p><b>Generated Narrative</b></p><p></p><p><b>code</b>: <span title=\"Codes: {http://snomed.info/sct 103309006}\">Patient affected</span></p><p><b>subject</b>: <a href=\"Patient-Father.html\">Generated Summary: id: 2; gender: male</a></p><p><b>value</b>: true</p></div>"
  },
  "status": "final",
  "code": {
    "coding": [
      {
        "system": "http://snomed.info/sct",
        "code": "103309006"
      }
    ]
  },
  "subject": {
    "reference": "Patient/Father"
  },
  "valueBoolean": true
}