<?xml version="1.0" encoding="UTF-8"?>

<Organization xmlns="http://hl7.org/fhir">
  <id value="pedigree-1-organization-example-1"/>
  <text>
    <status value="generated"/><div xmlns="http://www.w3.org/1999/xhtml"><p><b>Generated Narrative</b></p><div style="display: inline-block; background-color: #d9e0e7; padding: 6px; margin: 4px; border: 1px solid #8da1b4; border-radius: 5px; line-height: 60%"><p style="margin-bottom: 0px">Resource "pedigree-1-organization-example-1" </p></div><p><b>identifier</b>: id: pedigree-1-1</p><p><b>active</b>: true</p><p><b>type</b>: Hospital <span style="background: LightGoldenRodYellow; margin: 4px; border: 1px solid khaki"> (<a href="http://terminology.hl7.org/3.1.0/CodeSystem-organization-type.html">Organization type</a>#prov "Healthcare Provider")</span></p><p><b>name</b>: Amazing Children's Hospital</p></div>
  </text>
  <identifier>
    <system value="urn:pedigree-fhir-ig:unique-string/organization"/>
    <value value="pedigree-1-1"/>
  </identifier>
  <active value="true"/>
  <type>
    <coding>
      <system value="http://terminology.hl7.org/CodeSystem/organization-type"/>
      <code value="prov"/>
      <display value="Healthcare Provider"/>
    </coding>
    <text value="Hospital"/>
  </type>
  <name value="Amazing Children's Hospital"/>
</Organization>