{
  "resourceType": "Patient",
  "id": "pedigree-1-individual-example-13",
  "meta": {
    "profile": [
      "http://purl.org/ga4gh/pedigree-fhir-ig/StructureDefinition/PedigreeIndividual"
    ]
  },
  "text": {
    "status": "generated",
    "div": "<div xmlns=\"http://www.w3.org/1999/xhtml\"><p><b>Anonymous Patient</b> female, DoB Unknown ( id: pedigree-1-13)</p></div>"
  },
  "extension": [
    {
      "url": "http://hl7.org/fhir/StructureDefinition/patient-genderIdentity",
      "valueCodeableConcept": {
        "coding": [
          {
            "code": "female"
          }
        ]
      }
    }
  ],
  "identifier": [
    {
      "system": "urn:pedigree-fhir-ig:unique-string/individual",
      "value": "pedigree-1-13"
    }
  ],
  "gender": "female"
}