<?xml version="1.0" encoding="UTF-8"?>

<Patient xmlns="http://hl7.org/fhir">
  <id value="Father"/>
  <meta>
    <profile value="http://purl.org/ga4gh/pedigree-fhir-ig/StructureDefinition/PedigreeIndividual"/>
  </meta>
  <text>
    <status value="generated"/><div xmlns="http://www.w3.org/1999/xhtml"><p><b>Anonymous Patient</b> male, DoB Unknown ( id: 2)</p></div>
  </text>
  <identifier>
    <system value="urn:fdc:labtec.genovic.org.au:2018:id/patient"/>
    <value value="2"/>
  </identifier>
  <gender value="male"/>
</Patient>