<?xml version="1.0" encoding="UTF-8"?>

<Patient xmlns="http://hl7.org/fhir">
  <id value="pedigree-1-individual-example-13"/>
  <meta>
    <profile value="http://purl.org/ga4gh/pedigree-fhir-ig/StructureDefinition/PedigreeIndividual"/>
  </meta>
  <text>
    <status value="generated"/><div xmlns="http://www.w3.org/1999/xhtml"><p><b>Anonymous Patient</b> female, DoB Unknown ( id: pedigree-1-13)</p></div>
  </text>
  <extension url="http://hl7.org/fhir/StructureDefinition/patient-genderIdentity">
    <valueCodeableConcept>
      <coding>
        <code value="female"/>
      </coding>
    </valueCodeableConcept>
  </extension>
  <identifier>
    <system value="urn:pedigree-fhir-ig:unique-string/individual"/>
    <value value="pedigree-1-13"/>
  </identifier>
  <gender value="female"/>
</Patient>