{
  "package": "ga4gh.fhir.pedigree",
  "version": "0.1.0",
  "fhirVersion": "4.0.1",
  "extensions": [
    {
      "url": "http://purl.org/ga4gh/pedigree-fhir-ig/StructureDefinition/patient-unborn",
      "title": "Unborn",
      "types": [
        "boolean"
      ]
    }
  ],
  "profiles": {
    "Observation": [
      {
        "url": "http://purl.org/ga4gh/pedigree-fhir-ig/StructureDefinition/AffectedStatus",
        "title": "Affected Status"
      }
    ],
    "Composition": [
      {
        "url": "http://purl.org/ga4gh/pedigree-fhir-ig/StructureDefinition/Pedigree",
        "title": "Pedigree"
      }
    ],
    "Patient": [
      {
        "url": "http://purl.org/ga4gh/pedigree-fhir-ig/StructureDefinition/PedigreeIndividual",
        "title": "Pedigree Individual"
      }
    ],
    "FamilyMemberHistory": [
      {
        "url": "http://purl.org/ga4gh/pedigree-fhir-ig/StructureDefinition/PedigreeRelationship",
        "title": "Pedigree Relationship"
      }
    ]
  },
  "usage": {
    "http://hl7.org/fhir/StructureDefinition/elementdefinition-bestpractice": [
      "StructureDefinition.snapshot.element.constraint"
    ],
    "http://hl7.org/fhir/StructureDefinition/elementdefinition-bestpractice-explanation": [
      "StructureDefinition.snapshot.element.constraint"
    ],
    "http://hl7.org/fhir/StructureDefinition/elementdefinition-bindingName": [
      "StructureDefinition.snapshot.element.binding"
    ],
    "http://hl7.org/fhir/StructureDefinition/elementdefinition-isCommonBinding": [
      "StructureDefinition.snapshot.element.binding"
    ],
    "http://hl7.org/fhir/StructureDefinition/elementdefinition-maxValueSet": [
      "StructureDefinition.snapshot.element.binding"
    ],
    "http://hl7.org/fhir/StructureDefinition/elementdefinition-translatable": [
      "StructureDefinition.snapshot.element"
    ],
    "http://hl7.org/fhir/StructureDefinition/familymemberhistory-patient-record": [
      "FamilyMemberHistory"
    ],
    "http://hl7.org/fhir/StructureDefinition/patient-genderIdentity": [
      "Patient"
    ],
    "http://hl7.org/fhir/StructureDefinition/structuredefinition-category": [
      "StructureDefinition"
    ],
    "http://hl7.org/fhir/StructureDefinition/structuredefinition-display-hint": [
      "StructureDefinition.snapshot.element"
    ],
    "http://hl7.org/fhir/StructureDefinition/structuredefinition-explicit-type-name": [
      "StructureDefinition.snapshot.element"
    ],
    "http://hl7.org/fhir/StructureDefinition/structuredefinition-fhir-type": [
      "StructureDefinition.snapshot.element.type"
    ],
    "http://hl7.org/fhir/StructureDefinition/structuredefinition-hierarchy": [
      "StructureDefinition.snapshot.element.type"
    ],
    "http://hl7.org/fhir/StructureDefinition/structuredefinition-security-category": [
      "StructureDefinition"
    ],
    "http://hl7.org/fhir/StructureDefinition/structuredefinition-standards-status": [
      "StructureDefinition.snapshot.element"
    ],
    "http://hl7.org/fhir/tools/StructureDefinition/ig-parameter": [
      "ImplementationGuide.definition"
    ],
    "http://hl7.org/fhir/tools/StructureDefinition/resource-information": [
      "ImplementationGuide.definition.resource"
    ],
    "http://purl.org/ga4gh/pedigree-fhir-ig/StructureDefinition/patient-unborn": [
      "Patient"
    ]
  }
}