{"resourceType":"CodeSystem","id":"kin","text":{"status":"generated","div":"<div xmlns=\"http://www.w3.org/1999/xhtml\"><p><b>Properties</b></p><table class=\"grid\"><tr><td><b>Code</b></td><td><b>URL</b></td><td><b>Description</b></td><td><b>Type</b></td></tr><tr><td>parent</td><td/><td>Parent codes.</td><td>code</td></tr><tr><td>imported</td><td/><td>Indicates if the concept is imported from another code system.</td><td>boolean</td></tr><tr><td>root</td><td/><td>Indicates if this concept is a root concept (i.e. Thing is equivalent or a direct parent)</td><td>boolean</td></tr><tr><td>deprecated</td><td/><td>Indicates if this concept is deprecated.</td><td>boolean</td></tr></table><p><b>Filters</b></p><table class=\"grid\"><tr><td><b>Code</b></td><td><b>Description</b></td><td><b>operator</b></td><td><b>Value</b></td></tr><tr><td>root</td><td/><td>= </td><td>True or false.</td></tr><tr><td>deprecated</td><td/><td>= </td><td>True or false.</td></tr><tr><td>imported</td><td/><td>= </td><td>True or false</td></tr></table><p>This code system http://purl.org/ga4gh/kin.fhir defines the following codes:</p><table class=\"codes\"><tr><td style=\"white-space:nowrap\"><b>Code</b></td><td><b>Display</b></td></tr><tr><td style=\"white-space:nowrap\">KIN:994<a name=\"kin-KIN.58994\"> </a></td><td>Man</td></tr><tr><td style=\"white-space:nowrap\">KIN:993<a name=\"kin-KIN.58993\"> </a></td><td>Woman</td></tr><tr><td style=\"white-space:nowrap\">KIN:996<a name=\"kin-KIN.58996\"> </a></td><td>Male</td></tr><tr><td style=\"white-space:nowrap\">KIN:995<a name=\"kin-KIN.58995\"> </a></td><td>Female</td></tr><tr><td style=\"white-space:nowrap\">KIN:998<a name=\"kin-KIN.58998\"> </a></td><td>Person</td></tr><tr><td style=\"white-space:nowrap\">KIN:997<a name=\"kin-KIN.58997\"> </a></td><td>Sex</td></tr><tr><td style=\"white-space:nowrap\">KIN:999<a name=\"kin-KIN.58999\"> </a></td><td>Domain Entity</td></tr><tr><td style=\"white-space:nowrap\">Thing<a name=\"kin-Thing\"> </a></td><td>Thing</td></tr><tr><td style=\"white-space:nowrap\">KIN:001<a name=\"kin-KIN.58001\"> </a></td><td>isRelative</td></tr><tr><td style=\"white-space:nowrap\">KIN:002<a name=\"kin-KIN.58002\"> </a></td><td>isBiologicalRelative</td></tr><tr><td style=\"white-space:nowrap\">KIN:003<a name=\"kin-KIN.58003\"> </a></td><td>isBiologicalParent</td></tr><tr><td style=\"white-space:nowrap\">KIN:004<a name=\"kin-KIN.58004\"> </a></td><td>isSpermDonor</td></tr><tr><td style=\"white-space:nowrap\">KIN:005<a name=\"kin-KIN.58005\"> </a></td><td>isGestationalCarrier</td></tr><tr><td style=\"white-space:nowrap\">KIN:006<a name=\"kin-KIN.58006\"> </a></td><td>isSurrogateOvumDonor</td></tr><tr><td style=\"white-space:nowrap\">KIN:007<a name=\"kin-KIN.58007\"> </a></td><td>isBiologicalSibling</td></tr><tr><td style=\"white-space:nowrap\">KIN:008<a name=\"kin-KIN.58008\"> </a></td><td>isFullsibling</td></tr><tr><td style=\"white-space:nowrap\">KIN:009<a name=\"kin-KIN.58009\"> </a></td><td>isTwin</td></tr><tr><td style=\"white-space:nowrap\">KIN:010<a name=\"kin-KIN.58010\"> </a></td><td>isMonozygoticTwin</td></tr><tr><td style=\"white-space:nowrap\">KIN:011<a name=\"kin-KIN.58011\"> </a></td><td>isPolyzygoticTwin</td></tr><tr><td style=\"white-space:nowrap\">KIN:012<a name=\"kin-KIN.58012\"> </a></td><td>isHalfSibling</td></tr><tr><td style=\"white-space:nowrap\">KIN:013<a name=\"kin-KIN.58013\"> </a></td><td>isParentalSibling</td></tr><tr><td style=\"white-space:nowrap\">KIN:014<a name=\"kin-KIN.58014\"> </a></td><td>isCousin</td></tr><tr><td style=\"white-space:nowrap\">KIN:015<a name=\"kin-KIN.58015\"> </a></td><td>isMaternalCousin</td></tr><tr><td style=\"white-space:nowrap\">KIN:016<a name=\"kin-KIN.58016\"> </a></td><td>isPaternalCousin</td></tr><tr><td style=\"white-space:nowrap\">KIN:017<a name=\"kin-KIN.58017\"> </a></td><td>isGrandparent</td></tr><tr><td style=\"white-space:nowrap\">KIN:018<a name=\"kin-KIN.58018\"> </a></td><td>isGreatGrandparent</td></tr><tr><td style=\"white-space:nowrap\">KIN:019<a name=\"kin-KIN.58019\"> </a></td><td>isSocialLegalRelative</td></tr><tr><td style=\"white-space:nowrap\">KIN:020<a name=\"kin-KIN.58020\"> </a></td><td>isParentFigure</td></tr><tr><td style=\"white-space:nowrap\">KIN:021<a name=\"kin-KIN.58021\"> </a></td><td>isFosterParent</td></tr><tr><td style=\"white-space:nowrap\">KIN:022<a name=\"kin-KIN.58022\"> </a></td><td>isAdoptiveParent</td></tr><tr><td style=\"white-space:nowrap\">KIN:023<a name=\"kin-KIN.58023\"> </a></td><td>isStepParent</td></tr><tr><td style=\"white-space:nowrap\">KIN:024<a name=\"kin-KIN.58024\"> </a></td><td>isSiblingFigure</td></tr><tr><td style=\"white-space:nowrap\">KIN:025<a name=\"kin-KIN.58025\"> </a></td><td>isStepSibling</td></tr><tr><td style=\"white-space:nowrap\">KIN:026<a name=\"kin-KIN.58026\"> </a></td><td>isPartner</td></tr><tr><td style=\"white-space:nowrap\">KIN:027<a name=\"kin-KIN.58027\"> </a></td><td>isBiologicalMother</td></tr><tr><td style=\"white-space:nowrap\">KIN:028<a name=\"kin-KIN.58028\"> </a></td><td>isBiologicalFather</td></tr><tr><td style=\"white-space:nowrap\">KIN:029<a name=\"kin-KIN.58029\"> </a></td><td>isMitochondrialDonor</td></tr><tr><td style=\"white-space:nowrap\">KIN:030<a name=\"kin-KIN.58030\"> </a></td><td>isConsanguineousPartner</td></tr><tr><td style=\"white-space:nowrap\">KIN:031<a name=\"kin-KIN.58031\"> </a></td><td>hasSex</td></tr><tr><td style=\"white-space:nowrap\">KIN:032<a name=\"kin-KIN.58032\"> </a></td><td>isBiologicalChild</td></tr><tr><td style=\"white-space:nowrap\">KIN:033<a name=\"kin-KIN.58033\"> </a></td><td>hasBiologicalChild</td></tr><tr><td style=\"white-space:nowrap\">KIN:034<a name=\"kin-KIN.58034\"> </a></td><td>hasBiologicalParent</td></tr><tr><td style=\"white-space:nowrap\">KIN:035<a name=\"kin-KIN.58035\"> </a></td><td>hasGrandparent</td></tr><tr><td style=\"white-space:nowrap\">KIN:036<a name=\"kin-KIN.58036\"> </a></td><td>isGrandchild</td></tr><tr><td style=\"white-space:nowrap\">KIN:037<a name=\"kin-KIN.58037\"> </a></td><td>hasGrandchild</td></tr><tr><td style=\"white-space:nowrap\">KIN:038<a name=\"kin-KIN.58038\"> </a></td><td>isOvumDonor</td></tr><tr><td style=\"white-space:nowrap\">KIN:039<a name=\"kin-KIN.58039\"> </a></td><td>hasGestationalCarrier</td></tr><tr><td style=\"white-space:nowrap\">KIN:040<a name=\"kin-KIN.58040\"> </a></td><td>hasBiologicalFather</td></tr><tr><td style=\"white-space:nowrap\">KIN:041<a name=\"kin-KIN.58041\"> </a></td><td>hasBiologicalMother</td></tr><tr><td style=\"white-space:nowrap\">KIN:042<a name=\"kin-KIN.58042\"> </a></td><td>hasOvumDonor</td></tr><tr><td style=\"white-space:nowrap\">KIN:043<a name=\"kin-KIN.58043\"> </a></td><td>hasSurrogateOvumDonor</td></tr><tr><td style=\"white-space:nowrap\">KIN:044<a name=\"kin-KIN.58044\"> </a></td><td>hasSpermDonor</td></tr><tr><td style=\"white-space:nowrap\">KIN:045<a name=\"kin-KIN.58045\"> </a></td><td>hasGreatGrandParent</td></tr><tr><td style=\"white-space:nowrap\">KIN:046<a name=\"kin-KIN.58046\"> </a></td><td>hasParentalSibling</td></tr><tr><td style=\"white-space:nowrap\">topObjectProperty<a name=\"kin-topObjectProperty\"> </a></td><td>topObjectProperty</td></tr></table></div>"},"url":"http://purl.org/ga4gh/kin.fhir","version":"0.1.0","name":"FamilyHistoryRelationsOntology","title":"Family History Relations Ontology","status":"draft","experimental":false,"date":"2021-10-11T05:19:03+00:00","publisher":"Global Alliance for Genomics and Health - Clinical and Phenotypic Data Capture Work Stream","contact":[{"name":"Global Alliance for Genomics and Health - Clinical and Phenotypic Data Capture Work Stream","telecom":[{"system":"url","value":"https://www.ga4gh.org/work_stream/clinical-phenotypic-data-capture-2/"}]}],"description":"A family relationships ontology.","copyright":"[Global Alliance for Genomics and Health](https://www.ga4gh.org)","valueSet":"http://purl.org/ga4gh/kin.fhir?vs","hierarchyMeaning":"is-a","compositional":false,"versionNeeded":false,"content":"complete","count":55,"filter":[{"code":"root","operator":["="],"value":"True or false."},{"code":"deprecated","operator":["="],"value":"True or false."},{"code":"imported","operator":["="],"value":"True or false"}],"property":[{"code":"parent","description":"Parent codes.","type":"code"},{"code":"imported","description":"Indicates if the concept is imported from another code system.","type":"boolean"},{"code":"root","description":"Indicates if this concept is a root concept (i.e. Thing is equivalent or a direct parent)","type":"boolean"},{"code":"deprecated","description":"Indicates if this concept is deprecated.","type":"boolean"}],"concept":[{"code":"KIN:994","display":"Man","property":[{"code":"imported","valueBoolean":false},{"code":"parent","valueCode":"KIN:998"},{"code":"root","valueBoolean":false},{"code":"deprecated","valueBoolean":false}]},{"code":"KIN:993","display":"Woman","property":[{"code":"imported","valueBoolean":false},{"code":"parent","valueCode":"KIN:998"},{"code":"root","valueBoolean":false},{"code":"deprecated","valueBoolean":false}]},{"code":"KIN:996","display":"Male","property":[{"code":"imported","valueBoolean":false},{"code":"parent","valueCode":"KIN:997"},{"code":"root","valueBoolean":false},{"code":"deprecated","valueBoolean":false}]},{"code":"KIN:995","display":"Female","property":[{"code":"imported","valueBoolean":false},{"code":"parent","valueCode":"KIN:997"},{"code":"root","valueBoolean":false},{"code":"deprecated","valueBoolean":false}]},{"code":"KIN:998","display":"Person","property":[{"code":"imported","valueBoolean":false},{"code":"parent","valueCode":"Thing"},{"code":"root","valueBoolean":false},{"code":"deprecated","valueBoolean":false}]},{"code":"KIN:997","display":"Sex","property":[{"code":"imported","valueBoolean":false},{"code":"parent","valueCode":"KIN:999"},{"code":"root","valueBoolean":false},{"code":"deprecated","valueBoolean":false}]},{"code":"KIN:999","display":"Domain Entity","property":[{"code":"imported","valueBoolean":false},{"code":"parent","valueCode":"Thing"},{"code":"root","valueBoolean":false},{"code":"deprecated","valueBoolean":false}]},{"code":"Thing","display":"Thing","property":[{"code":"imported","valueBoolean":false},{"code":"root","valueBoolean":true},{"code":"deprecated","valueBoolean":false}]},{"code":"KIN:001","display":"isRelative","property":[{"code":"imported","valueBoolean":false},{"code":"parent","valueCode":"topObjectProperty"},{"code":"root","valueBoolean":false},{"code":"deprecated","valueBoolean":false}]},{"code":"KIN:002","display":"isBiologicalRelative","property":[{"code":"imported","valueBoolean":false},{"code":"parent","valueCode":"KIN:001"},{"code":"root","valueBoolean":false},{"code":"deprecated","valueBoolean":false}]},{"code":"KIN:003","display":"isBiologicalParent","property":[{"code":"imported","valueBoolean":false},{"code":"parent","valueCode":"KIN:002"},{"code":"root","valueBoolean":false},{"code":"deprecated","valueBoolean":false}]},{"code":"KIN:004","display":"isSpermDonor","property":[{"code":"imported","valueBoolean":false},{"code":"parent","valueCode":"KIN:033"},{"code":"parent","valueCode":"KIN:003"},{"code":"root","valueBoolean":false},{"code":"deprecated","valueBoolean":false}]},{"code":"KIN:005","display":"isGestationalCarrier","property":[{"code":"imported","valueBoolean":false},{"code":"parent","valueCode":"KIN:001"},{"code":"root","valueBoolean":false},{"code":"deprecated","valueBoolean":false}]},{"code":"KIN:006","display":"isSurrogateOvumDonor","property":[{"code":"imported","valueBoolean":false},{"code":"parent","valueCode":"KIN:038"},{"code":"parent","valueCode":"KIN:005"},{"code":"root","valueBoolean":false},{"code":"deprecated","valueBoolean":false}]},{"code":"KIN:007","display":"isBiologicalSibling","property":[{"code":"imported","valueBoolean":false},{"code":"parent","valueCode":"KIN:002"},{"code":"root","valueBoolean":false},{"code":"deprecated","valueBoolean":false}]},{"code":"KIN:008","display":"isFullsibling","property":[{"code":"imported","valueBoolean":false},{"code":"parent","valueCode":"KIN:007"},{"code":"root","valueBoolean":false},{"code":"deprecated","valueBoolean":false}]},{"code":"KIN:009","display":"isTwin","property":[{"code":"imported","valueBoolean":false},{"code":"parent","valueCode":"KIN:008"},{"code":"root","valueBoolean":false},{"code":"deprecated","valueBoolean":false}]},{"code":"KIN:010","display":"isMonozygoticTwin","property":[{"code":"imported","valueBoolean":false},{"code":"parent","valueCode":"KIN:009"},{"code":"root","valueBoolean":false},{"code":"deprecated","valueBoolean":false}]},{"code":"KIN:011","display":"isPolyzygoticTwin","property":[{"code":"imported","valueBoolean":false},{"code":"parent","valueCode":"KIN:010"},{"code":"root","valueBoolean":false},{"code":"deprecated","valueBoolean":false}]},{"code":"KIN:012","display":"isHalfSibling","property":[{"code":"imported","valueBoolean":false},{"code":"parent","valueCode":"KIN:007"},{"code":"root","valueBoolean":false},{"code":"deprecated","valueBoolean":false}]},{"code":"KIN:013","display":"isParentalSibling","property":[{"code":"imported","valueBoolean":false},{"code":"parent","valueCode":"KIN:002"},{"code":"root","valueBoolean":false},{"code":"deprecated","valueBoolean":false}]},{"code":"KIN:014","display":"isCousin","property":[{"code":"imported","valueBoolean":false},{"code":"parent","valueCode":"KIN:002"},{"code":"root","valueBoolean":false},{"code":"deprecated","valueBoolean":false}]},{"code":"KIN:015","display":"isMaternalCousin","property":[{"code":"imported","valueBoolean":false},{"code":"parent","valueCode":"KIN:014"},{"code":"root","valueBoolean":false},{"code":"deprecated","valueBoolean":false}]},{"code":"KIN:016","display":"isPaternalCousin","property":[{"code":"imported","valueBoolean":false},{"code":"parent","valueCode":"KIN:014"},{"code":"root","valueBoolean":false},{"code":"deprecated","valueBoolean":false}]},{"code":"KIN:017","display":"isGrandparent","property":[{"code":"imported","valueBoolean":false},{"code":"parent","valueCode":"KIN:002"},{"code":"root","valueBoolean":false},{"code":"deprecated","valueBoolean":false}]},{"code":"KIN:018","display":"isGreatGrandparent","property":[{"code":"imported","valueBoolean":false},{"code":"parent","valueCode":"KIN:002"},{"code":"root","valueBoolean":false},{"code":"deprecated","valueBoolean":false}]},{"code":"KIN:019","display":"isSocialLegalRelative","property":[{"code":"imported","valueBoolean":false},{"code":"parent","valueCode":"KIN:001"},{"code":"root","valueBoolean":false},{"code":"deprecated","valueBoolean":false}]},{"code":"KIN:020","display":"isParentFigure","property":[{"code":"imported","valueBoolean":false},{"code":"parent","valueCode":"KIN:019"},{"code":"root","valueBoolean":false},{"code":"deprecated","valueBoolean":false}]},{"code":"KIN:021","display":"isFosterParent","property":[{"code":"imported","valueBoolean":false},{"code":"parent","valueCode":"KIN:020"},{"code":"root","valueBoolean":false},{"code":"deprecated","valueBoolean":false}]},{"code":"KIN:022","display":"isAdoptiveParent","property":[{"code":"imported","valueBoolean":false},{"code":"parent","valueCode":"KIN:020"},{"code":"root","valueBoolean":false},{"code":"deprecated","valueBoolean":false}]},{"code":"KIN:023","display":"isStepParent","property":[{"code":"imported","valueBoolean":false},{"code":"parent","valueCode":"KIN:020"},{"code":"root","valueBoolean":false},{"code":"deprecated","valueBoolean":false}]},{"code":"KIN:024","display":"isSiblingFigure","property":[{"code":"imported","valueBoolean":false},{"code":"parent","valueCode":"KIN:019"},{"code":"root","valueBoolean":false},{"code":"deprecated","valueBoolean":false}]},{"code":"KIN:025","display":"isStepSibling","property":[{"code":"imported","valueBoolean":false},{"code":"parent","valueCode":"KIN:024"},{"code":"root","valueBoolean":false},{"code":"deprecated","valueBoolean":false}]},{"code":"KIN:026","display":"isPartner","property":[{"code":"imported","valueBoolean":false},{"code":"parent","valueCode":"KIN:019"},{"code":"root","valueBoolean":false},{"code":"deprecated","valueBoolean":false}]},{"code":"KIN:027","display":"isBiologicalMother","property":[{"code":"imported","valueBoolean":false},{"code":"parent","valueCode":"KIN:033"},{"code":"parent","valueCode":"KIN:003"},{"code":"root","valueBoolean":false},{"code":"deprecated","valueBoolean":false}]},{"code":"KIN:028","display":"isBiologicalFather","property":[{"code":"imported","valueBoolean":false},{"code":"parent","valueCode":"KIN:033"},{"code":"parent","valueCode":"KIN:003"},{"code":"root","valueBoolean":false},{"code":"deprecated","valueBoolean":false}]},{"code":"KIN:029","display":"isMitochondrialDonor","property":[{"code":"imported","valueBoolean":false},{"code":"parent","valueCode":"KIN:001"},{"code":"root","valueBoolean":false},{"code":"deprecated","valueBoolean":false}]},{"code":"KIN:030","display":"isConsanguineousPartner","property":[{"code":"imported","valueBoolean":false},{"code":"parent","valueCode":"KIN:002"},{"code":"parent","valueCode":"KIN:026"},{"code":"root","valueBoolean":false},{"code":"deprecated","valueBoolean":false}]},{"code":"KIN:031","display":"hasSex","property":[{"code":"imported","valueBoolean":false},{"code":"parent","valueCode":"topObjectProperty"},{"code":"root","valueBoolean":false},{"code":"deprecated","valueBoolean":false}]},{"code":"KIN:032","display":"isBiologicalChild","property":[{"code":"imported","valueBoolean":false},{"code":"parent","valueCode":"KIN:002"},{"code":"root","valueBoolean":false},{"code":"deprecated","valueBoolean":false}]},{"code":"KIN:033","display":"hasBiologicalChild","property":[{"code":"imported","valueBoolean":false},{"code":"parent","valueCode":"KIN:002"},{"code":"root","valueBoolean":false},{"code":"deprecated","valueBoolean":false}]},{"code":"KIN:034","display":"hasBiologicalParent","property":[{"code":"imported","valueBoolean":false},{"code":"parent","valueCode":"KIN:002"},{"code":"root","valueBoolean":false},{"code":"deprecated","valueBoolean":false}]},{"code":"KIN:035","display":"hasGrandparent","property":[{"code":"imported","valueBoolean":false},{"code":"parent","valueCode":"KIN:002"},{"code":"root","valueBoolean":false},{"code":"deprecated","valueBoolean":false}]},{"code":"KIN:036","display":"isGrandchild","property":[{"code":"imported","valueBoolean":false},{"code":"parent","valueCode":"KIN:002"},{"code":"root","valueBoolean":false},{"code":"deprecated","valueBoolean":false}]},{"code":"KIN:037","display":"hasGrandchild","property":[{"code":"imported","valueBoolean":false},{"code":"parent","valueCode":"KIN:002"},{"code":"root","valueBoolean":false},{"code":"deprecated","valueBoolean":false}]},{"code":"KIN:038","display":"isOvumDonor","property":[{"code":"imported","valueBoolean":false},{"code":"parent","valueCode":"KIN:033"},{"code":"parent","valueCode":"KIN:003"},{"code":"root","valueBoolean":false},{"code":"deprecated","valueBoolean":false}]},{"code":"KIN:039","display":"hasGestationalCarrier","property":[{"code":"imported","valueBoolean":false},{"code":"parent","valueCode":"KIN:001"},{"code":"root","valueBoolean":false},{"code":"deprecated","valueBoolean":false}]},{"code":"KIN:040","display":"hasBiologicalFather","property":[{"code":"imported","valueBoolean":false},{"code":"parent","valueCode":"KIN:034"},{"code":"parent","valueCode":"KIN:032"},{"code":"root","valueBoolean":false},{"code":"deprecated","valueBoolean":false}]},{"code":"KIN:041","display":"hasBiologicalMother","property":[{"code":"imported","valueBoolean":false},{"code":"parent","valueCode":"KIN:034"},{"code":"parent","valueCode":"KIN:032"},{"code":"root","valueBoolean":false},{"code":"deprecated","valueBoolean":false}]},{"code":"KIN:042","display":"hasOvumDonor","property":[{"code":"imported","valueBoolean":false},{"code":"parent","valueCode":"KIN:034"},{"code":"parent","valueCode":"KIN:032"},{"code":"root","valueBoolean":false},{"code":"deprecated","valueBoolean":false}]},{"code":"KIN:043","display":"hasSurrogateOvumDonor","property":[{"code":"imported","valueBoolean":false},{"code":"parent","valueCode":"KIN:042"},{"code":"parent","valueCode":"KIN:039"},{"code":"root","valueBoolean":false},{"code":"deprecated","valueBoolean":false}]},{"code":"KIN:044","display":"hasSpermDonor","property":[{"code":"imported","valueBoolean":false},{"code":"parent","valueCode":"KIN:034"},{"code":"parent","valueCode":"KIN:032"},{"code":"root","valueBoolean":false},{"code":"deprecated","valueBoolean":false}]},{"code":"KIN:045","display":"hasGreatGrandParent","property":[{"code":"imported","valueBoolean":false},{"code":"parent","valueCode":"KIN:002"},{"code":"root","valueBoolean":false},{"code":"deprecated","valueBoolean":false}]},{"code":"KIN:046","display":"hasParentalSibling","property":[{"code":"imported","valueBoolean":false},{"code":"parent","valueCode":"KIN:002"},{"code":"root","valueBoolean":false},{"code":"deprecated","valueBoolean":false}]},{"code":"topObjectProperty","display":"topObjectProperty","property":[{"code":"imported","valueBoolean":false},{"code":"root","valueBoolean":true},{"code":"deprecated","valueBoolean":false}]}]}