{"resourceType":"ValueSet","id":"PedigreeRelationshipTypes","text":{"status":"generated","div":"<div xmlns=\"http://www.w3.org/1999/xhtml\"><ul><li>Include all codes defined in <a href=\"CodeSystem-PedigreeRelationships.html\"><code>http://ga4gh-cp.github.io/pedigree-fhir-ig/CodeSystem/PedigreeRelationships</code></a></li></ul></div>"},"url":"http://ga4gh-cp.github.io/pedigree-fhir-ig/ValueSet/PedigreeRelationshipTypes","version":"0.1.0","name":"PedigreeRelationshipTypes","title":"Pedigree Relationship Types","status":"active","date":"2021-04-29T06:35:14+00:00","publisher":"Global Alliance for Genomics and Health - Clinical and Phenotypic Data Capture Work Stream","contact":[{"name":"Global Alliance for Genomics and Health - Clinical and Phenotypic Data Capture Work Stream","telecom":[{"system":"url","value":"https://www.ga4gh.org/work_stream/clinical-phenotypic-data-capture-2/"}]}],"description":"The types of relationships between individuals in a pedigree.","copyright":"[Global Alliance for Genomics and Health](https://www.ga4gh.org)","compose":{"include":[{"system":"http://ga4gh-cp.github.io/pedigree-fhir-ig/CodeSystem/PedigreeRelationships"}]}}