{
  "resourceType": "CodeSystem",
  "id": "PedigreeRelationships",
  "text": {
    "status": "generated",
    "div": "<div xmlns=\"http://www.w3.org/1999/xhtml\"><p>This code system http://ga4gh-cp.github.io/pedigree-fhir-ig/CodeSystem/PedigreeRelationships defines the following codes:</p><table class=\"codes\"><tr><td style=\"white-space:nowrap\"><b>Code</b></td><td><b>Display</b></td></tr><tr><td style=\"white-space:nowrap\">REL:001</td><td>Relative</td></tr><tr><td style=\"white-space:nowrap\">REL:002</td><td>Biological relative</td></tr><tr><td style=\"white-space:nowrap\">REL:003</td><td>Biological parent</td></tr><tr><td style=\"white-space:nowrap\">REL:004</td><td>Sperm / ovum donor</td></tr><tr><td style=\"white-space:nowrap\">REL:005</td><td>Gestational carrier</td></tr><tr><td style=\"white-space:nowrap\">REL:006</td><td>Surrogate ovum donor</td></tr><tr><td style=\"white-space:nowrap\">REL:007</td><td>Biological sibling</td></tr><tr><td style=\"white-space:nowrap\">REL:008</td><td>Full sibling</td></tr><tr><td style=\"white-space:nowrap\">REL:009</td><td>Twin</td></tr><tr><td style=\"white-space:nowrap\">REL:010</td><td>Monozygotic twin</td></tr><tr><td style=\"white-space:nowrap\">REL:011</td><td>Polyzygotic twin</td></tr><tr><td style=\"white-space:nowrap\">REL:012</td><td>Half-sibling</td></tr><tr><td style=\"white-space:nowrap\">REL:013</td><td>Uncle</td></tr><tr><td style=\"white-space:nowrap\">REL:014</td><td>Cousin</td></tr><tr><td style=\"white-space:nowrap\">REL:015</td><td>Maternal cousin</td></tr><tr><td style=\"white-space:nowrap\">REL:016</td><td>Paternal cousin</td></tr><tr><td style=\"white-space:nowrap\">REL:017</td><td>Grandparent</td></tr><tr><td style=\"white-space:nowrap\">REL:018</td><td>Great-grandparent</td></tr><tr><td style=\"white-space:nowrap\">REL:019</td><td>Social / legal relative</td></tr><tr><td style=\"white-space:nowrap\">REL:020</td><td>Parent figure</td></tr><tr><td style=\"white-space:nowrap\">REL:021</td><td>Foster parent</td></tr><tr><td style=\"white-space:nowrap\">REL:022</td><td>Adoptive parent</td></tr><tr><td style=\"white-space:nowrap\">REL:023</td><td>Step-parent</td></tr><tr><td style=\"white-space:nowrap\">REL:024</td><td>Sibling figure</td></tr><tr><td style=\"white-space:nowrap\">REL:025</td><td>Step-sibling</td></tr><tr><td style=\"white-space:nowrap\">REL:026</td><td>Significant other</td></tr></table></div>"
  },
  "url": "http://purl.org/ga4gh/pedigree-fhir-ig/CodeSystem/PedigreeRelationships",
  "version": "0.1.0",
  "name": "PedigreeRelationships",
  "title": "Pedigree Relationships",
  "status": "active",
  "experimental": false,
  "date": "2021-02-09T09:53:53+10:00",
  "publisher": "Global Alliance for Genomics and Health - Clinical and Phenotypic Data Capture Work Stream",
  "contact": [
    {
      "name": "Global Alliance for Genomics and Health - Clinical and Phenotypic Data Capture Work Stream",
      "telecom": [
        {
          "system": "url",
          "value": "https://www.ga4gh.org/work_stream/clinical-phenotypic-data-capture-2/"
        }
      ]
    }
  ],
  "description": "Code system for pedigree realtionship types.",
  "copyright": "[Global Alliance for Genomics and Health](https://www.ga4gh.org)",
  "caseSensitive": true,
  "valueSet": "http://purl.org/ga4gh/pedigree-fhir-ig/CodeSystem/PedigreeRelationships?vs",
  "hierarchyMeaning": "is-a",
  "compositional": false,
  "versionNeeded": false,
  "content": "complete",
  "count": 26,
  "filter": [
    {
      "code": "root",
      "operator": [
        "="
      ],
      "value": "True or false."
    },
    {
      "code": "deprecated",
      "operator": [
        "="
      ],
      "value": "True or false."
    }
  ],
  "property": [
    {
      "code": "parent",
      "description": "Parent codes.",
      "type": "code"
    },
    {
      "code": "root",
      "description": "Indicates if this concept is a root concept (i.e. Thing is equivalent or a direct parent)",
      "type": "boolean"
    },
    {
      "code": "deprecated",
      "description": "Indicates if this concept is deprecated.",
      "type": "boolean"
    }
  ],
  "concept": [
    {
      "code": "REL:001",
      "display": "Relative",
      "property": [
        {
          "code": "root",
          "valueBoolean": true
        },
        {
          "code": "deprecated",
          "valueBoolean": false
        }
      ]
    },
    {
      "code": "REL:002",
      "display": "Biological relative",
      "property": [
        {
          "code": "parent",
          "valueCode": "REL:001"
        },
        {
          "code": "root",
          "valueBoolean": false
        },
        {
          "code": "deprecated",
          "valueBoolean": false
        }
      ]
    },
    {
      "code": "REL:003",
      "display": "Biological parent",
      "property": [
        {
          "code": "parent",
          "valueCode": "REL:002"
        },
        {
          "code": "root",
          "valueBoolean": false
        },
        {
          "code": "deprecated",
          "valueBoolean": false
        }
      ]
    },
    {
      "code": "REL:004",
      "display": "Sperm / ovum donor",
      "property": [
        {
          "code": "parent",
          "valueCode": "REL:003"
        },
        {
          "code": "root",
          "valueBoolean": false
        },
        {
          "code": "deprecated",
          "valueBoolean": false
        }
      ]
    },
    {
      "code": "REL:005",
      "display": "Gestational carrier",
      "property": [
        {
          "code": "parent",
          "valueCode": "REL:003"
        },
        {
          "code": "root",
          "valueBoolean": false
        },
        {
          "code": "deprecated",
          "valueBoolean": false
        }
      ]
    },
    {
      "code": "REL:006",
      "display": "Surrogate ovum donor",
      "property": [
        {
          "code": "parent",
          "valueCode": "REL:004"
        },
        {
          "code": "parent",
          "valueCode": "REL:005"
        },
        {
          "code": "root",
          "valueBoolean": false
        },
        {
          "code": "deprecated",
          "valueBoolean": false
        }
      ]
    },
    {
      "code": "REL:007",
      "display": "Biological sibling",
      "property": [
        {
          "code": "parent",
          "valueCode": "REL:002"
        },
        {
          "code": "root",
          "valueBoolean": false
        },
        {
          "code": "deprecated",
          "valueBoolean": false
        }
      ]
    },
    {
      "code": "REL:008",
      "display": "Full sibling",
      "property": [
        {
          "code": "parent",
          "valueCode": "REL:007"
        },
        {
          "code": "root",
          "valueBoolean": false
        },
        {
          "code": "deprecated",
          "valueBoolean": false
        }
      ]
    },
    {
      "code": "REL:009",
      "display": "Twin",
      "property": [
        {
          "code": "parent",
          "valueCode": "REL:008"
        },
        {
          "code": "root",
          "valueBoolean": false
        },
        {
          "code": "deprecated",
          "valueBoolean": false
        }
      ]
    },
    {
      "code": "REL:010",
      "display": "Monozygotic twin",
      "property": [
        {
          "code": "parent",
          "valueCode": "REL:009"
        },
        {
          "code": "root",
          "valueBoolean": false
        },
        {
          "code": "deprecated",
          "valueBoolean": false
        }
      ]
    },
    {
      "code": "REL:011",
      "display": "Polyzygotic twin",
      "property": [
        {
          "code": "parent",
          "valueCode": "REL:009"
        },
        {
          "code": "root",
          "valueBoolean": false
        },
        {
          "code": "deprecated",
          "valueBoolean": false
        }
      ]
    },
    {
      "code": "REL:012",
      "display": "Half-sibling",
      "property": [
        {
          "code": "parent",
          "valueCode": "REL:007"
        },
        {
          "code": "root",
          "valueBoolean": false
        },
        {
          "code": "deprecated",
          "valueBoolean": false
        }
      ]
    },
    {
      "code": "REL:013",
      "display": "Uncle",
      "property": [
        {
          "code": "parent",
          "valueCode": "REL:002"
        },
        {
          "code": "root",
          "valueBoolean": false
        },
        {
          "code": "deprecated",
          "valueBoolean": false
        }
      ]
    },
    {
      "code": "REL:014",
      "display": "Cousin",
      "property": [
        {
          "code": "parent",
          "valueCode": "REL:002"
        },
        {
          "code": "root",
          "valueBoolean": false
        },
        {
          "code": "deprecated",
          "valueBoolean": false
        }
      ]
    },
    {
      "code": "REL:015",
      "display": "Maternal cousin",
      "property": [
        {
          "code": "parent",
          "valueCode": "REL:014"
        },
        {
          "code": "root",
          "valueBoolean": false
        },
        {
          "code": "deprecated",
          "valueBoolean": false
        }
      ]
    },
    {
      "code": "REL:016",
      "display": "Paternal cousin",
      "property": [
        {
          "code": "parent",
          "valueCode": "REL:014"
        },
        {
          "code": "root",
          "valueBoolean": false
        },
        {
          "code": "deprecated",
          "valueBoolean": false
        }
      ]
    },
    {
      "code": "REL:017",
      "display": "Grandparent",
      "property": [
        {
          "code": "parent",
          "valueCode": "REL:002"
        },
        {
          "code": "root",
          "valueBoolean": false
        },
        {
          "code": "deprecated",
          "valueBoolean": false
        }
      ]
    },
    {
      "code": "REL:018",
      "display": "Great-grandparent",
      "property": [
        {
          "code": "parent",
          "valueCode": "REL:002"
        },
        {
          "code": "root",
          "valueBoolean": false
        },
        {
          "code": "deprecated",
          "valueBoolean": false
        }
      ]
    },
    {
      "code": "REL:019",
      "display": "Social / legal relative",
      "property": [
        {
          "code": "parent",
          "valueCode": "REL:001"
        },
        {
          "code": "root",
          "valueBoolean": false
        },
        {
          "code": "deprecated",
          "valueBoolean": false
        }
      ]
    },
    {
      "code": "REL:020",
      "display": "Parent figure",
      "property": [
        {
          "code": "parent",
          "valueCode": "REL:019"
        },
        {
          "code": "root",
          "valueBoolean": false
        },
        {
          "code": "deprecated",
          "valueBoolean": false
        }
      ]
    },
    {
      "code": "REL:021",
      "display": "Foster parent",
      "property": [
        {
          "code": "parent",
          "valueCode": "REL:020"
        },
        {
          "code": "root",
          "valueBoolean": false
        },
        {
          "code": "deprecated",
          "valueBoolean": false
        }
      ]
    },
    {
      "code": "REL:022",
      "display": "Adoptive parent",
      "property": [
        {
          "code": "parent",
          "valueCode": "REL:020"
        },
        {
          "code": "root",
          "valueBoolean": false
        },
        {
          "code": "deprecated",
          "valueBoolean": false
        }
      ]
    },
    {
      "code": "REL:023",
      "display": "Step-parent",
      "property": [
        {
          "code": "parent",
          "valueCode": "REL:020"
        },
        {
          "code": "root",
          "valueBoolean": false
        },
        {
          "code": "deprecated",
          "valueBoolean": false
        }
      ]
    },
    {
      "code": "REL:024",
      "display": "Sibling figure",
      "property": [
        {
          "code": "parent",
          "valueCode": "REL:019"
        },
        {
          "code": "root",
          "valueBoolean": false
        },
        {
          "code": "deprecated",
          "valueBoolean": false
        }
      ]
    },
    {
      "code": "REL:025",
      "display": "Step-sibling",
      "property": [
        {
          "code": "parent",
          "valueCode": "REL:024"
        },
        {
          "code": "root",
          "valueBoolean": false
        },
        {
          "code": "deprecated",
          "valueBoolean": false
        }
      ]
    },
    {
      "code": "REL:026",
      "display": "Significant other",
      "property": [
        {
          "code": "parent",
          "valueCode": "REL:019"
        },
        {
          "code": "root",
          "valueBoolean": false
        },
        {
          "code": "deprecated",
          "valueBoolean": false
        }
      ]
    }
  ]
}