{
  "resourceType": "Condition",
  "id": "ProbandCondition",
  "text": {
    "status": "generated",
    "div": "<div xmlns=\"http://www.w3.org/1999/xhtml\"><p><b>Generated Narrative</b></p><p><b>code</b>: <span title=\"Codes: {http://purl.obolibrary.org/obo/hp.fhir HP:0007240}\">Progressive gait ataxia</span></p><p><b>subject</b>: <a href=\"Patient-Proband.html\">Generated Summary: id: 3; gender: female</a></p></div>"
  },
  "code": {
    "coding": [
      {
        "system": "http://purl.obolibrary.org/obo/hp.fhir",
        "code": "HP:0007240"
      }
    ]
  },
  "subject": {
    "reference": "Patient/Proband"
  }
}