{
  "resourceType": "Condition",
  "id": "FatherFirstCondition",
  "text": {
    "status": "generated",
    "div": "<div xmlns=\"http://www.w3.org/1999/xhtml\"><p><b>Generated Narrative</b></p><p><b>code</b>: <span title=\"Codes: {http://purl.obolibrary.org/obo/hp.fhir HP:0001640}\">HP:0001640</span></p><p><b>subject</b>: <a href=\"Patient-Father.html\">Generated Summary: id: 2; gender: male</a></p></div>"
  },
  "code": {
    "coding": [
      {
        "system": "http://purl.obolibrary.org/obo/hp.fhir",
        "code": "HP:0001640"
      }
    ]
  },
  "subject": {
    "reference": "Patient/Father"
  }
}