{
  "resourceType": "FamilyMemberHistory",
  "id": "MargeHomerRelationship",
  "meta": {
    "profile": [
      "http://purl.org/ga4gh/pedigree-fhir-ig/StructureDefinition/PedigreeRelationship"
    ]
  },
  "text": {
    "status": "extensions",
    "div": "<div xmlns=\"http://www.w3.org/1999/xhtml\"><p><b>Generated Narrative</b></p><div style=\"display: inline-block; background-color: #d9e0e7; padding: 6px; margin: 4px; border: 1px solid #8da1b4; border-radius: 5px; line-height: 60%\"><p style=\"margin-bottom: 0px\">Resource \"MargeHomerRelationship\" </p><p style=\"margin-bottom: 0px\">Profile: <a href=\"StructureDefinition-PedigreeRelationship.html\">Pedigree Relationship</a></p></div><p><b>Patient Record</b>: <a href=\"Patient-Homer.html\">Patient/Homer</a></p><p><b>identifier</b>: id: marge_homer</p><p><b>status</b>: completed</p><p><b>patient</b>: <a href=\"Patient-Marge.html\">Patient/Marge</a></p><p><b>relationship</b>: isPartner <span style=\"background: LightGoldenRodYellow; margin: 4px; border: 1px solid khaki\"> (<a href=\"CodeSystem-kin.html\">Family History Relations Ontology</a>#KIN:026)</span></p></div>"
  },
  "extension": [
    {
      "url": "http://hl7.org/fhir/StructureDefinition/familymemberhistory-patient-record",
      "valueReference": {
        "reference": "Patient/Homer"
      }
    }
  ],
  "identifier": [
    {
      "system": "urn:fdc:sprinfieldlab.net:2021:id/relationship",
      "value": "marge_homer"
    }
  ],
  "status": "completed",
  "patient": {
    "reference": "Patient/Marge"
  },
  "relationship": {
    "coding": [
      {
        "system": "http://purl.org/ga4gh/kin.fhir",
        "code": "KIN:026"
      }
    ]
  }
}