{
  "resourceType": "FamilyMemberHistory",
  "id": "pedigree-1-relationship-example-5",
  "meta": {
    "profile": [
      "http://purl.org/ga4gh/pedigree-fhir-ig/StructureDefinition/PedigreeRelationship"
    ]
  },
  "text": {
    "status": "extensions",
    "div": "<div xmlns=\"http://www.w3.org/1999/xhtml\"><p><b>Generated Narrative</b></p><p><b>Patient Record</b>: <a href=\"Patient-pedigree-1-individual-example-11.html\">Generated Summary: id: pedigree-1-11; gender: female</a></p><p><b>identifier</b>: id: pedigree-1-5</p><p><b>status</b>: completed</p><p><b>patient</b>: <a href=\"Patient-pedigree-1-individual-example-6.html\">Generated Summary: id: pedigree-1-6; gender: male</a></p><p><b>relationship</b>: <span title=\"Codes: {http://purl.org/ga4gh/pedigree-fhir-ig/CodeSystem/PedigreeRelationships REL:003}\">Biological parent</span></p></div>"
  },
  "extension": [
    {
      "url": "http://hl7.org/fhir/StructureDefinition/familymemberhistory-patient-record",
      "valueReference": {
        "reference": "Patient/pedigree-1-individual-example-11"
      }
    }
  ],
  "identifier": [
    {
      "system": "urn:pedigree-fhir-ig:unique-string/relationship",
      "value": "pedigree-1-5"
    }
  ],
  "status": "completed",
  "patient": {
    "reference": "Patient/pedigree-1-individual-example-6"
  },
  "relationship": {
    "coding": [
      {
        "system": "http://purl.org/ga4gh/pedigree-fhir-ig/CodeSystem/PedigreeRelationships",
        "code": "REL:003",
        "display": "Biological parent"
      }
    ]
  }
}