{
  "resourceType": "Patient",
  "id": "Abe",
  "meta": {
    "profile": [
      "http://purl.org/ga4gh/pedigree-fhir-ig/StructureDefinition/PedigreeIndividual"
    ]
  },
  "text": {
    "status": "generated",
    "div": "<div xmlns=\"http://www.w3.org/1999/xhtml\"><p><b>Anonymous Patient</b> female, DoB Unknown ( id: 4)</p></div>"
  },
  "extension": [
    {
      "url": "http://purl.org/ga4gh/pedigree-fhir-ig/StructureDefinition/patient-unborn",
      "valueBoolean": false
    }
  ],
  "identifier": [
    {
      "system": "urn:fdc:sprinfieldlab.net:2021:id/patient",
      "value": "4"
    }
  ],
  "gender": "female",
  "deceasedBoolean": false
}